id|name|has_tono_records|video_id|type_id|version|creation_began|creation_finished|offset|duration|location
524706|Piano: Randi Sickel|f|524706|2|1|2011-09-05 18:42:36.340546||0|1660.16|http://frontend.frikanalen.tv/media/431/broadcast/orig_Piano - Randi Kvile Sickel spiller A Skrjabin og F Schubert.avi
524707|Piano: R Sickel og T Fimreite|f|524707|2|1|2011-09-05 18:42:36.340546||0|1655.36|http://frontend.frikanalen.tv/media/432/broadcast/orig_Piano-  Randi Sickel og Thorild Fimreite - siste.avi
524708|Piano: Jesper H Svenssen|f|524708|2|1|2011-09-05 18:42:36.340546||0|1616.24|http://frontend.frikanalen.tv/media/434/broadcast/orig_Piano - Jesper Holkvist Svenssen spiller Mozart.avi
524709|Piano: T. Fimreite spiller Grieg|f|524709|2|1|2011-09-05 18:42:36.340546||0|978.24|http://frontend.frikanalen.tv/media/435/broadcast/orig_Piano-  Thorild Fimreite spiller Grieg.avi
524776|tekstplakat - åpen - foreningen frikanalen|f|524776|2|1|2011-09-05 18:42:36.340546||0|12|http://frontend.frikanalen.tv/media/711/broadcast/orig_tekstplakat - åpen - foreningen frikanalen.avi
524777|tekstplakat - åpen - frikanalen_no|f|524777|2|1|2011-09-05 18:42:36.340546||0|12|http://frontend.frikanalen.tv/media/712/broadcast/orig_tekstplakat - åpen - frikanalen_no.avi
524778|tekstplakat - åpen - frikanalen_tv|f|524778|2|1|2011-09-05 18:42:36.340546||0|12|http://frontend.frikanalen.tv/media/713/broadcast/orig_tekstplakat - åpen - frikanalen_tv.avi
524779|tekstplakat - åpen - frikanalen_tv|f|524779|2|1|2011-09-05 18:42:36.340546||0|12|http://frontend.frikanalen.tv/media/714/broadcast/orig_tekstplakat - åpen - frikanalen_tv.avi
524870|tekstplakat - andre - foreningen frikanalen|f|524870|2|1|2011-09-05 18:42:36.340546||0|12|http://frontend.frikanalen.tv/media/1270/broadcast/orig_tekstplakat - andre - foreningen frikanalen.avi
524871|tekstplakat - andre - frikanalen_no|f|524871|2|1|2011-09-05 18:42:36.340546||0|12|http://frontend.frikanalen.tv/media/1271/broadcast/orig_tekstplakat - andre - frikanalen_no.avi
524874|tekstplakat - andre - vignett og åpen for alle|f|524874|2|1|2011-09-05 18:42:36.340546||0|38.24|http://frontend.frikanalen.tv/media/1276/broadcast/orig_tekstplakat - andre - vignett og åpen for alle NY.avi
524875|tekstplakat - andre - frikanalen_tv|f|524875|2|1|2011-09-05 18:42:36.340546||0|12|http://frontend.frikanalen.tv/media/1278/broadcast/orig_tekstplakat - andre - frikanalen_tv.avi
524946|Demp din entusiasme|f|524946|2|1|2011-09-05 18:42:36.340546||0|682.52|http://frontend.frikanalen.tv/media/1644/broadcast/orig_Demp din entusiasme del 1.avi
524975|Galtung om finanskrisen|f|524975|2|1|2011-09-05 18:42:36.340546||0|1718.92|http://frontend.frikanalen.tv/media/1707/broadcast/orig_Galtung om finanskrisen.avi
524996|Voss Fallskjermklubb - PROMO|f|524996|2|1|2011-09-05 18:42:36.340546||0|121.84|http://frontend.frikanalen.tv/media/1730/broadcast/orig_Aagot hopp del 1.avi
525025|Frikanalen_Solidaritet|f|525025|2|1|2011-09-05 18:42:36.340546||0|8|http://frontend.frikanalen.tv/media/1913/broadcast/orig_FrikanalenKategori05_Solidaritet.avi
525113|robot-dance|f|525113|2|1|2011-09-05 18:42:36.340546||0|51|http://frontend.frikanalen.tv/media/2246/broadcast/2246_3ff5b69fbeea48dc99ea149cba8b591c.avi
525117|lutan fiya|f|525117|2|1|2011-09-05 18:42:36.340546||0|127.76|http://frontend.frikanalen.tv/media/2250/broadcast/2250_1bfb635bf9ed41c9b3afc60610453620.avi
622102|Musikk: Menuett|f|622102|2|1|2011-09-05 18:42:36.340546||0|89|http://frontend.frikanalen.tv/media/1294/broadcast/orig_Terje og Sidsel Dahl - Menuett.avi
622104|Buldring - klatring på sitt råeste ?|f|622104|2|1|2011-09-05 18:42:36.340546||0|1740|http://frontend.frikanalen.tv/media/1303/broadcast/orig_Sequence 01.avi
622105|Piano: Fimreite, Svenssen og S.|f|622105|2|1|2011-09-05 18:42:36.340546||0|741.92|http://frontend.frikanalen.tv/media/1343/broadcast/orig_Piano-  Fimreite, Svenssen og Sickel.avi
622124|Jul på Studentrådet del 01|f|622124|2|1|2011-09-05 18:42:36.340546||0|441.24|http://frontend.frikanalen.tv/media/1556/broadcast/orig_Jul på Studentrådet del 1.avi
622125|Jul på Studentrådet del 02|f|622125|2|1|2011-09-05 18:42:36.340546||0|593.08|http://frontend.frikanalen.tv/media/1557/broadcast/orig_Jul på Studentrådet del 2.avi
622126|Jul på Studentrådet del 03|f|622126|2|1|2011-09-05 18:42:36.340546||0|445.6|http://frontend.frikanalen.tv/media/1558/broadcast/orig_Jul på Studentrådet del 3.avi
622127|Jul på Studentrådet del 04|f|622127|2|1|2011-09-05 18:42:36.340546||0|445.6|http://frontend.frikanalen.tv/media/1559/broadcast/orig_Jul på Studentrådet del 4.avi
622128|Jul på Studentrådet del 05|f|622128|2|1|2011-09-05 18:42:36.340546||0|445.6|http://frontend.frikanalen.tv/media/1560/broadcast/orig_Jul på Studentrådet del 5.avi
622129|Jul på Studentrådet del 06|f|622129|2|1|2011-09-05 18:42:36.340546||0|401.6|http://frontend.frikanalen.tv/media/1561/broadcast/orig_Jul på Studentrådet del 6.avi
622130|Jul på Studentrådet del 07|f|622130|2|1|2011-09-05 18:42:36.340546||0|362.08|http://frontend.frikanalen.tv/media/1562/broadcast/orig_Jul på Studentrådet del 7.avi
622131|Jul på Studentrådet del 08|f|622131|2|1|2011-09-05 18:42:36.340546||0|452.84|http://frontend.frikanalen.tv/media/1563/broadcast/orig_Jul på Studentrådet del 8.avi
622132|Jul på Studentrådet del 09|f|622132|2|1|2011-09-05 18:42:36.340546||0|573.24|http://frontend.frikanalen.tv/media/1564/broadcast/orig_Jul på Studentrådet del 9.avi
622133|Jul på Studentrådet del 10|f|622133|2|1|2011-09-05 18:42:36.340546||0|427.48|http://frontend.frikanalen.tv/media/1565/broadcast/orig_Jul på studentrådet del 10.avi
622134|Jul på Studentrådet del 11|f|622134|2|1|2011-09-05 18:42:36.340546||0|494.32|http://frontend.frikanalen.tv/media/1566/broadcast/orig_Jul på studentrådet del 11.avi
622135|Jul på Studentrådet del 12|f|622135|2|1|2011-09-05 18:42:36.340546||0|452.64|http://frontend.frikanalen.tv/media/1567/broadcast/orig_Jul på Studentrådet del 12.avi
622136|Jul på Studentrådet del 13|f|622136|2|1|2011-09-05 18:42:36.340546||0|466.24|http://frontend.frikanalen.tv/media/1568/broadcast/orig_JPS_EP13.avi
622137|Jul på Studentrådet del 14|f|622137|2|1|2011-09-05 18:42:36.340546||0|560.44|http://frontend.frikanalen.tv/media/1569/broadcast/orig_JPS_EP14.avi
622138|Jul på Studentrådet del 15|f|622138|2|1|2011-09-05 18:42:36.340546||0|419.88|http://frontend.frikanalen.tv/media/1570/broadcast/orig_JPS_EP15.avi
622139|Jul på Studentrådet del 16|f|622139|2|1|2011-09-05 18:42:36.340546||0|509.24|http://frontend.frikanalen.tv/media/1571/broadcast/orig_JPS_EP16.avi
622140|Jul på Studentrådet del 17|f|622140|2|1|2011-09-05 18:42:36.340546||0|511.12|http://frontend.frikanalen.tv/media/1572/broadcast/orig_JPS_EP17.avi
622141|Jul på Studentrådet del 18|f|622141|2|1|2011-09-05 18:42:36.340546||0|555.08|http://frontend.frikanalen.tv/media/1573/broadcast/orig_JPS_EP18.avi
622142|Jul på Studentrådet del 19|f|622142|2|1|2011-09-05 18:42:36.340546||0|524.08|http://frontend.frikanalen.tv/media/1574/broadcast/orig_JPS_EP19.avi
622143|Jul på Studentrådet del 20|f|622143|2|1|2011-09-05 18:42:36.340546||0|450.24|http://frontend.frikanalen.tv/media/1575/broadcast/orig_JPS_EP20.avi
622144|Jul på Studentrådet del 21|f|622144|2|1|2011-09-05 18:42:36.340546||0|422.4|http://frontend.frikanalen.tv/media/1576/broadcast/orig_Jul paa Studentraadet del 21.avi
622145|Jul på Studentrådet del 22|f|622145|2|1|2011-09-05 18:42:36.340546||0|443.4|http://frontend.frikanalen.tv/media/1577/broadcast/orig_JPS_EP22.avi
622146|Jul på Studentrådet del 23|f|622146|2|1|2011-09-05 18:42:36.340546||0|458.08|http://frontend.frikanalen.tv/media/1578/broadcast/orig_Jul på studentrådet del 23.avi
622147|Jul på Studentrådet del 24|f|622147|2|1|2011-09-05 18:42:36.340546||0|377|http://frontend.frikanalen.tv/media/1579/broadcast/orig_Jul på Studentrådet del 24.avi
622200|Aagot sitt hopp|f|622200|2|1|2011-09-05 18:42:36.340546||0|463.12|http://frontend.frikanalen.tv/media/1731/broadcast/orig_Aagot hopp del 2.avi
622226|Medieinsp. - Åpning|f|622226|2|1|2011-09-05 18:42:36.340546||0|218.2|http://frontend.frikanalen.tv/media/2050/broadcast/orig_medieinspektørene del 1.avi
622227|Proion - Mosse Jørgensen|f|622227|2|1|2011-09-05 18:42:36.340546||0|1025|http://frontend.frikanalen.tv/media/2053/broadcast/orig_Proion - Mosse Jørgensen.avi
622230|PROMO Frikanalen|f|622230|2|1|2011-09-05 18:42:36.340546||0|1555.24|http://frontend.frikanalen.tv/media/2056/broadcast/orig_PROMO Frikanalen.avi
622271|Åpning av Frikanalen|f|622271|2|1|2011-09-05 18:42:36.340546||0|939|http://frontend.frikanalen.tv/media/2117/broadcast/orig_Åpning Frikanalen.avi.avi
622275|Urtehagen TV - På gata i Oslo|f|622275|2|1|2011-09-05 18:42:36.340546||0|933.76|http://frontend.frikanalen.tv/media/2141/broadcast/orig_Urtehagen TV - På gata i Oslo .avi
622287|Muslim TV - Erik Fosse|f|622287|2|1|2011-09-05 18:42:36.340546||0|2642.32|http://frontend.frikanalen.tv/media/2215/broadcast/orig_Muslim TV - Erik Fosse.avi
622290|Urtehagen TV - Litt av hvert|f|622290|2|1|2011-09-05 18:42:36.340546||0|1290.52|http://frontend.frikanalen.tv/media/2264/broadcast/orig_Urtehagen TV - Litt av hvert.avi
622307|Medieinsp. - Religion|f|622307|2|1|2011-09-05 18:42:36.340546||0|191.2|http://frontend.frikanalen.tv/media/2303/broadcast/orig_ec4c9f314cd74ea9bf2ba86eb46861ac.avi
622316|Uka-TV 15.02 - Humor|f|622316|2|1|2011-09-05 18:42:36.340546||0|3276|http://frontend.frikanalen.tv/media/2319/broadcast/2319_f6d038798d804e1d9642023cf05e7f68.avi
622319|Uka-TV 16.02 - Vintersending|f|622319|2|1|2011-09-05 18:42:36.340546||0|3172|http://frontend.frikanalen.tv/media/2322/broadcast/orig_ukatv160209.avi
622321|Uka-TV 18.02 - Mat og helse|f|622321|2|1|2011-09-05 18:42:36.340546||0|3319|http://frontend.frikanalen.tv/media/2341/broadcast/orig_7bb50763890848e182ab0e304378fe80.avi
622322|Uka-TV 19.02 - Yrkesliv|f|622322|2|1|2011-09-05 18:42:36.340546||0|2988|http://frontend.frikanalen.tv/media/2342/broadcast/orig_391e61b23516464f88e7bb2382b25f99.avi
622323|Uka-TV 20.02|f|622323|2|1|2011-09-05 18:42:36.340546||0|3232|http://frontend.frikanalen.tv/media/2344/broadcast/orig_c8fae662e4ee4085b7c9a55a323594f8.avi
622324|Uka-TV 21.02|f|622324|2|1|2011-09-05 18:42:36.340546||0|3568|http://frontend.frikanalen.tv/media/2346/broadcast/orig_1ad698be54434be897ca91d0dd1df4e7.avi
622325|Medieinsp. - Sex|f|622325|2|1|2011-09-05 18:42:36.340546||0|221.37|http://frontend.frikanalen.tv/media/2354/broadcast/orig_bf62d865c34f4077a8243f7da0629dbc.avi
622328|UKA-Magasinet del 2|f|622328|2|1|2011-09-05 18:42:36.340546||0|491|http://frontend.frikanalen.tv/media/2360/broadcast/orig_2c853089cf224d8d94332e09f458a0eb.avi
622329|Uka-Magasinet del 4|f|622329|2|1|2011-09-05 18:42:36.340546||0|1280|http://frontend.frikanalen.tv/media/2363/broadcast/orig_20ef903404e44b8e8e2c332ca05922ef.avi
622330|UKA-Magasinet del 3|f|622330|2|1|2011-09-05 18:42:36.340546||0|933|http://frontend.frikanalen.tv/media/2364/broadcast/orig_356b24a66b6c4026840ecd929a719f83.avi
622331|Uka-Magasinet del 1|f|622331|2|1|2011-09-05 18:42:36.340546||0|850|http://frontend.frikanalen.tv/media/2365/broadcast/orig_3c7bc5f349a2424ab8ed9a4e7289244e.avi
622333|UKA-Magasinet Del 5|f|622333|2|1|2011-09-05 18:42:36.340546||0|1182|http://frontend.frikanalen.tv/media/2367/broadcast/orig_5c4fc72d5e534cfea7aab2e61bb74f04.avi
622388|Tett på Redningsselskapet 1|f|622388|2|1|2011-09-05 18:42:36.340546||0|1500.16|http://frontend.frikanalen.tv/media/407/broadcast/orig_Tett på redningsselskapet 1.avi
622396|STV U28 Jakt|f|622396|2|1|2011-09-05 18:42:36.340546||0|1705.6|http://frontend.frikanalen.tv/media/934/broadcast/orig_STV U28 JaktNY.avi
622397|Musikk: Blott en dag|f|622397|2|1|2011-09-05 18:42:36.340546||0|187|http://frontend.frikanalen.tv/media/1239/broadcast/orig_Tore Sognefest - Blott en dag.avi
622398|Musikk: Londonderry Air|f|622398|2|1|2011-09-05 18:42:36.340546||0|167|http://frontend.frikanalen.tv/media/1243/broadcast/orig_Tore Sognefest - Londonderry Air.avi
622399|Musikk: Andantino i D-dur|f|622399|2|1|2011-09-05 18:42:36.340546||0|180|http://frontend.frikanalen.tv/media/1257/broadcast/orig_Terje og Sidsel Dahl - Andantino i D-dur.avi
622400|Musikk: Mi Haish|f|622400|2|1|2011-09-05 18:42:36.340546||0|201|http://frontend.frikanalen.tv/media/1262/broadcast/orig_Terje og Sidsel Dahl - Mi Haish.avi
622402|Musikk: Aushei Hageshem|f|622402|2|1|2011-09-05 18:42:36.340546||0|159|http://frontend.frikanalen.tv/media/1290/broadcast/orig_Terje og Sidsel Dahl - Aushei Hageshem.avi
622403|Musikk: Bo-I V'Shalom|f|622403|2|1|2011-09-05 18:42:36.340546||0|93|http://frontend.frikanalen.tv/media/1291/broadcast/orig_Terje og Sidsel Dahl - Bo-I V'Shalom.avi
622404|Musikk: I'did Nefesh|f|622404|2|1|2011-09-05 18:42:36.340546||0|158|http://frontend.frikanalen.tv/media/1293/broadcast/orig_Terje og Sidsel Dahl - I'did Nefesh.avi
622405|Musikk: Nattdikt|f|622405|2|1|2011-09-05 18:42:36.340546||0|145|http://frontend.frikanalen.tv/media/1295/broadcast/orig_Tore Sognefest - Nattdikt.avi
622406|Musikk: Lær meg å kjenne...|f|622406|2|1|2011-09-05 18:42:36.340546||0|160|http://frontend.frikanalen.tv/media/1296/broadcast/orig_Tore Sognefest - Lær meg å kjenne dine veier.avi
622412|Ekstremjazz|f|622412|2|1|2011-09-05 18:42:36.340546||0|488.2|http://frontend.frikanalen.tv/media/1698/broadcast/orig_Ekstremjazz - siste.avi
622413|Galtung om alternative medier|f|622413|2|1|2011-09-05 18:42:36.340546||0|1431.56|http://frontend.frikanalen.tv/media/1706/broadcast/orig_Galtung om alternative medier.avi
622431|Think|f|622431|2|1|2011-09-05 18:42:36.340546||0|487.44|http://frontend.frikanalen.tv/media/2300/broadcast/orig_Think NY.avi
622433|Veien til AA med tekstplakater|f|622433|2|1|2011-09-05 18:42:36.340546||0|969|http://frontend.frikanalen.tv/media/2398/broadcast/orig_8ad3758f603f4a24a08ded494b0a49df.avi
622439|The Gathering - Åpnings show|f|622439|2|1|2011-09-05 18:42:36.340546||0|1711.36|http://frontend.frikanalen.tv/media/2452/broadcast/2452_ab21449a9cd6432893ccdef5515c0d6c.avi
622445|The Gathering - HALO music|f|622445|2|1|2011-09-05 18:42:36.340546||0|193.4|http://frontend.frikanalen.tv/media/2820/broadcast/2820_b475f16763de4d76a8785a7d608c86e0.avi
622446|Tett på Redningsselskapet2.|f|622446|2|1|2011-09-05 18:42:36.340546||0|1433.04|http://frontend.frikanalen.tv/media/408/broadcast/orig_Tett på redningsselskapet 2.avi
622454|OD-Kunnskap gir superkrefter|f|622454|2|1|2011-09-05 18:42:36.340546||0|1537.76|http://frontend.frikanalen.tv/media/585/broadcast/orig_OD - Kunskap gir superkrefter - siste.avi
622463|Veien til AA|f|622463|2|1|2011-09-05 18:42:36.340546||0|524.48|http://frontend.frikanalen.tv/media/596/broadcast/orig_Veien til AA - siste.avi
622464|STV U40 Finanskrise..|f|622464|2|1|2011-09-05 18:42:36.340546||0|1800|http://frontend.frikanalen.tv/media/600/broadcast/orig_Studentmagasinet Trondheim - Uke 40 - Krakk og krise.avi
622465|STV U41 Nett SOS|f|622465|2|1|2011-09-05 18:42:36.340546||0|1751.68|http://frontend.frikanalen.tv/media/601/broadcast/orig_Studentmagasinet Trondheim - Uke 41.avi
622466|Redningsselskapet-kort pres|f|622466|2|1|2011-09-05 18:42:36.340546||0|204.36|http://frontend.frikanalen.tv/media/602/broadcast/orig_Redningsselskapet - Kort presentasjon.avi
622468|Urtehagen TV|f|622468|2|1|2011-09-05 18:42:36.340546||0|1472.4|http://frontend.frikanalen.tv/media/604/broadcast/orig_Urtehagen TV.avi
622510|Når synet svikter|f|622510|2|1|2011-09-05 18:42:36.340546||0|1631.36|http://frontend.frikanalen.tv/media/820/broadcast/orig_Når synet svikter - endelig.avi
622511|Når synet svikter - Følelser|f|622511|2|1|2011-09-05 18:42:36.340546||0|1946.08|http://frontend.frikanalen.tv/media/821/broadcast/orig_Når synet svikter - følelser - endelig.avi
622512|Når synet svikter - Mobilitet|f|622512|2|1|2011-09-05 18:42:36.340546||0|1348.88|http://frontend.frikanalen.tv/media/822/broadcast/orig_Når synet svikter - mobilitet - endelig.avi
622529|STV U33 Immatrikulering|f|622529|2|1|2011-09-05 18:42:36.340546||0|1508.04|http://frontend.frikanalen.tv/media/937/broadcast/orig_STV U33 ImmatrikuleringNY.avi
622530|STV U35 Svartlamoen|f|622530|2|1|2011-09-05 18:42:36.340546||0|1638.8|http://frontend.frikanalen.tv/media/939/broadcast/orig_STV U35 Svartlamoen.avi
622531|STV U36 Gøy på landet|f|622531|2|1|2011-09-05 18:42:36.340546||0|1443.4|http://frontend.frikanalen.tv/media/940/broadcast/orig_STV U36 Gøy på landet.avi
622532|STV U37 Fremtiden|f|622532|2|1|2011-09-05 18:42:36.340546||0|1800.04|http://frontend.frikanalen.tv/media/941/broadcast/orig_STV U37 Fremtiden.avi
622533|STV U39 Dans|f|622533|2|1|2011-09-05 18:42:36.340546||0|1762.16|http://frontend.frikanalen.tv/media/942/broadcast/orig_STV U39 Dans.avi
622534|STV U42 Sjekking|f|622534|2|1|2011-09-05 18:42:36.340546||0|1800.04|http://frontend.frikanalen.tv/media/943/broadcast/orig_STV U42 Sjekking.avi
622535|STV U42 Sjekking kort|f|622535|2|1|2011-09-05 18:42:36.340546||0|1199.64|http://frontend.frikanalen.tv/media/944/broadcast/orig_STV U42 Sjekking kort.avi
622536|STV U43 Teater|f|622536|2|1|2011-09-05 18:42:36.340546||0|1800.24|http://frontend.frikanalen.tv/media/945/broadcast/orig_STV U43 Teater.avi
622537|STV U44 Halloween|f|622537|2|1|2011-09-05 18:42:36.340546||0|1625.16|http://frontend.frikanalen.tv/media/946/broadcast/orig_STV U44 Halloween.avi
622538|STV U45 Gaming|f|622538|2|1|2011-09-05 18:42:36.340546||0|1722.12|http://frontend.frikanalen.tv/media/947/broadcast/orig_STV U45 Gaming.avi
622539|STV U43 Statisk studio|f|622539|2|1|2011-09-05 18:42:36.340546||0|1020.16|http://frontend.frikanalen.tv/media/948/broadcast/orig_STV U43 Statisk studio.avi
622540|STV U34 Studentersamfundet|f|622540|2|1|2011-09-05 18:42:36.340546||0|1634.2|http://frontend.frikanalen.tv/media/949/broadcast/orig_STV U34 StudentersamfundetNY.avi
622541|Musikk: Bred dina vida vingar|f|622541|2|1|2011-09-05 18:42:36.340546||0|117|http://frontend.frikanalen.tv/media/1241/broadcast/orig_Tore Sognefest - Bred dina vida vingar.avi
622542|Musikk: Gje meg handa di ven|f|622542|2|1|2011-09-05 18:42:36.340546||0|161|http://frontend.frikanalen.tv/media/1242/broadcast/orig_Tore Sognefest - Gje meg handa di ven.avi
622543|Musikk: Om kvelden|f|622543|2|1|2011-09-05 18:42:36.340546||0|165|http://frontend.frikanalen.tv/media/1244/broadcast/orig_Tore Sognefest - Om kvelden.avi
622545|Musikk: Ani Ole Lirushalayim|f|622545|2|1|2011-09-05 18:42:36.340546||0|160|http://frontend.frikanalen.tv/media/1258/broadcast/orig_Terje og Sidsel Dahl - Ani Ole Lirushalayim.avi
622546|Musikk: Glad melodi|f|622546|2|1|2011-09-05 18:42:36.340546||0|69|http://frontend.frikanalen.tv/media/1260/broadcast/orig_Terje og Sidsel Dahl - Glad melodi.avi
622547|Musikk: Høstvise|f|622547|2|1|2011-09-05 18:42:36.340546||0|88|http://frontend.frikanalen.tv/media/1261/broadcast/orig_Terje og Sidsel Dahl - Høstvise.avi
622548|Musikk: Shabbat Nigun|f|622548|2|1|2011-09-05 18:42:36.340546||0|74|http://frontend.frikanalen.tv/media/1264/broadcast/orig_Musikk - Shabbat Nigun - siste.avi
622549|Musikk: Sheibane Bet Hamikdash|f|622549|2|1|2011-09-05 18:42:36.340546||0|162|http://frontend.frikanalen.tv/media/1266/broadcast/orig_Terje og Sidsel Dahl - Sheibane Bet Hamikdash.avi
622550|Eda pelle del 1|f|622550|2|1|2011-09-05 18:42:36.340546||0|1740|http://frontend.frikanalen.tv/media/1268/broadcast/orig_eda pelle del 1.avi
622551|Eda pelle del 2|f|622551|2|1|2011-09-05 18:42:36.340546||0|1740.64|http://frontend.frikanalen.tv/media/1269/broadcast/orig_Eda Pelle del 2 - endelig3.avi
622553|Gjenreising av tro|f|622553|2|1|2011-09-05 18:42:36.340546||0|2496.48|http://frontend.frikanalen.tv/media/1285/broadcast/orig_gjenreising av tro - endelig.avi
622555|Musikk: Achat Sha-Alti|f|622555|2|1|2011-09-05 18:42:36.340546||0|159|http://frontend.frikanalen.tv/media/1289/broadcast/orig_Terje og Sidsel Dahl - Achat Sha-Alti.avi
622556|Musikk: Gebet|f|622556|2|1|2011-09-05 18:42:36.340546||0|151|http://frontend.frikanalen.tv/media/1292/broadcast/orig_Terje og Sidsel Dahl - Gebet.avi
622567|Medieinsp. - Åpen|f|622567|2|1|2011-09-05 18:42:36.340546||0|192.48|http://frontend.frikanalen.tv/media/2273/broadcast/orig_cc421e323ed34175bfebebce2e1536d0.avi
622569|Synth treff|f|622569|2|1|2011-09-05 18:42:36.340546||0|1087.92|http://frontend.frikanalen.tv/media/2361/broadcast/orig_65e361c012a54c1d98d3b7b84cd2ab99.avi
622571|Framfylkingen|f|622571|2|1|2011-09-05 18:42:36.340546||0|1555.52|http://frontend.frikanalen.tv/media/2451/broadcast/orig_4aac8a31f689412c9597faefd6a6c16c.avi
622592|The Gathering - Ciscus day|f|622592|2|1|2011-09-05 18:42:36.340546||0|1788.44|http://frontend.frikanalen.tv/media/2957/broadcast/2957_76212bf042294319838abb2f6eebbdc8.avi
622593|Vaffel-moms|f|622593|2|1|2011-09-05 18:42:36.340546||0|1723.6|http://frontend.frikanalen.tv/media/2962/broadcast/orig_9e752303c5804913a47b4ce8d0764c18.avi
622594|Nornet TV Del 05|f|622594|2|1|2011-09-05 18:42:36.340546||0|1603.04|http://frontend.frikanalen.tv/media/2953/broadcast/orig_bea065352d804b34992fd22ee031c915.avi
622596|Medieinsp. - Dårlig journalistikk|f|622596|2|1|2011-09-05 18:42:36.340546||0|218.32|http://frontend.frikanalen.tv/media/2970/broadcast/orig_898a535a562248cfbae25e9337715d60.avi
622597|Medieinsp. - Politisk reklame|f|622597|2|1|2011-09-05 18:42:36.340546||0|261.84|http://frontend.frikanalen.tv/media/2967/broadcast/orig_867872b9fc214a0bb41e7c5f51848783.avi
622598|Medieinsp. - Nyheter for dumme|f|622598|2|1|2011-09-05 18:42:36.340546||0|205.2|http://frontend.frikanalen.tv/media/2968/broadcast/orig_806b7d5583ae45b8a00068ca9ca37200.avi
622599|Medieinsp. - Lokale nyheter|f|622599|2|1|2011-09-05 18:42:36.340546||0|270.88|http://frontend.frikanalen.tv/media/2969/broadcast/orig_44311955c8a54cd5aacdb1cc1c58dd56.avi
622623|Talentfabrikken uke 25|f|622623|2|1|2011-09-05 18:42:36.340546||0|1736.44|http://frontend.frikanalen.tv/media/1680/broadcast/orig_c299c691adf64dbf8834d5d059819c56.avi
622632|Vi går ombord 2 Redningselsk.|f|622632|2|1|2011-09-05 18:42:36.340546||0|921.68|http://frontend.frikanalen.tv/media/3041/broadcast/orig_f27a47b3bf684d8e88e7e402f7687d07.avi
622943|Arbeiderpartiets valgkampvideo|f|622943|2|1|2011-09-05 18:42:36.340546||0|42.24|http://frontend.frikanalen.tv/media/3189/broadcast/3189_afbc64b8af064bacaff73abed2b6a8d8.avi
622966|Møt Arbeiderpartiets stortingskandidater|f|622966|2|1|2011-09-05 18:42:36.340546||0|179.68|http://frontend.frikanalen.tv/media/3234/broadcast/3234_7a2c9902109f46528d89df64d260ea46.avi
622983|Pensjonistpartiet del 1|f|622983|2|1|2011-09-05 18:42:36.340546||0|573.84|http://frontend.frikanalen.tv/media/3260/broadcast/orig_584908fbd5a84e25b3ab39efd71a3d1d.avi
622985|Pensjonistpartiet del 2|f|622985|2|1|2011-09-05 18:42:36.340546||0|588.24|http://frontend.frikanalen.tv/media/3261/broadcast/orig_8f432bfcc47b4b1787279ac551f785fa.avi
622986|video fra youtube - 720p|f|622986|2|1|2011-09-05 18:42:36.340546||0|150.76|http://frontend.frikanalen.tv/media/3268/broadcast/3268_0e4013e45bb144ef81bdb58eb3bf88a5.avi
622987|Pensjonistpartiet del 3|f|622987|2|1|2011-09-05 18:42:36.340546||0|600.08|http://frontend.frikanalen.tv/media/3262/broadcast/orig_51bd78dc35144969a872a63345199191.avi
622996|Rundt frokostbordet|f|622996|2|1|2011-09-05 18:42:36.340546||0|30|http://frontend.frikanalen.tv/media/3265/broadcast/orig_af9f10f215904ef1824a7c7422a22dc4.avi
623023|Talentfabrikken uke 36|f|623023|2|1|2011-09-05 18:42:36.340546||0|1642|http://frontend.frikanalen.tv/media/2848/broadcast/orig_6cb206f857dc402eae2a9cce375cad63.avi
623032|Det Liberale Folkepartiet|f|623032|2|1|2011-09-05 18:42:36.340546||0|856|http://frontend.frikanalen.tv/media/3257/broadcast/3257_ec71ad649bf44a11ab9d0bf01dbfe6c2.avi
623034|Naturvideo 001|f|623034|2|1|2011-09-05 18:42:36.340546||0|302.16|http://frontend.frikanalen.tv/media/3397/broadcast/3397_38b9fc0a2dc541fd93d44b0786847229.avi
623036|Henrik Falang|f|623036|2|1|2011-09-05 18:42:36.340546||0|405.88|http://frontend.frikanalen.tv/media/3440/broadcast/3440_b77fd3dc9b444456aa63c67e21e38a4a.avi
623039|Talentfabrikken uke 37|f|623039|2|1|2011-09-05 18:42:36.340546||0|1645.96|http://frontend.frikanalen.tv/media/2849/broadcast/2849_00b7cd225fb64c7289a6ab25a9b60ad8.avi
623043|Medieinsp. - manipuler mediene|f|623043|2|1|2011-09-05 18:42:36.340546||0|278.48|http://frontend.frikanalen.tv/media/3452/broadcast/3452_8ca599dd23954ab19a4f67038eb1f5af.avi
623044|Medieinsp. - religionsjournalist|f|623044|2|1|2011-09-05 18:42:36.340546||0|274.24|http://frontend.frikanalen.tv/media/3453/broadcast/3453_98dffd4d46464b76bab7b21acbc434f5.avi
623045|Medieinsp. - Banning og danning|f|623045|2|1|2011-09-05 18:42:36.340546||0|258.96|http://frontend.frikanalen.tv/media/3454/broadcast/3454_51ebbeea9be84240b7387092fd50058f.avi
623046|Medieinsp. - Medier & påvirkning|f|623046|2|1|2011-09-05 18:42:36.340546||0|284.48|http://frontend.frikanalen.tv/media/3455/broadcast/3455_6604609fbf644a44a264f980a45c3b12.avi
623047|Talentfabrikken uke 38|f|623047|2|1|2011-09-05 18:42:36.340546||0|1521.88|http://frontend.frikanalen.tv/media/2850/broadcast/2850_4840ee20579f49459070ae4912f36e5f.avi
623067|valg09- Changemaker|f|623067|2|1|2011-09-05 18:42:36.340546||0|370|http://frontend.frikanalen.tv/media/3484/broadcast/3484_bf88d7bf86bf408abc96a06488f47f33.avi
623068|valg09- Juvente|f|623068|2|1|2011-09-05 18:42:36.340546||0|326.52|http://frontend.frikanalen.tv/media/3485/broadcast/3485_38191858be374b72b03b30393b5ca457.avi
623069|valg09- Norges Bygdeungdomslag|f|623069|2|1|2011-09-05 18:42:36.340546||0|398.68|http://frontend.frikanalen.tv/media/3475/broadcast/3475_9f68048168b84b8897bb3893d78493e8.avi
623070|valg09- Elevorganisasjonen|f|623070|2|1|2011-09-05 18:42:36.340546||0|569.44|http://frontend.frikanalen.tv/media/3478/broadcast/3478_d3a62e5d1ab04999af13f8292a8d0ac3.avi
623071|valg09 Natur og UNgdom|f|623071|2|1|2011-09-05 18:42:36.340546||0|257.04|http://frontend.frikanalen.tv/media/3479/broadcast/3479_662b42088e49492dafe790dce6eb4355.avi
623072|valg09- Press Red Barna ungdom|f|623072|2|1|2011-09-05 18:42:36.340546||0|226.16|http://frontend.frikanalen.tv/media/3486/broadcast/3486_2ecd59883a0f48129fe5283fad37b9df.avi
623073|valg09- Ungdom mot EU|f|623073|2|1|2011-09-05 18:42:36.340546||0|317.16|http://frontend.frikanalen.tv/media/3477/broadcast/3477_c14ec283ca7b4c40bb6656b045f913fb.avi
623074|valg09- Røde Kors Ungdom|f|623074|2|1|2011-09-05 18:42:36.340546||0|308.16|http://frontend.frikanalen.tv/media/3480/broadcast/3480_2216662d813e4065b3962045df666dbc.avi
623075|valg09- Spire|f|623075|2|1|2011-09-05 18:42:36.340546||0|345.16|http://frontend.frikanalen.tv/media/3481/broadcast/3481_9e8dee8ff9fd4ec1b282048dc804fcab.avi
623077|valg09-Norsk målungdom|f|623077|2|1|2011-09-05 18:42:36.340546||0|541.36|http://frontend.frikanalen.tv/media/3473/broadcast/3473_92c7069d180848bb9e43662ea4217a79.avi
623078|valg09-Europeisk Ungdom|f|623078|2|1|2011-09-05 18:42:36.340546||0|407.96|http://frontend.frikanalen.tv/media/3474/broadcast/3474_7fe4e9cf4c6a4545ae0e2a26036b1800.avi
623079|valg09-Ungdom og fritid|f|623079|2|1|2011-09-05 18:42:36.340546||0|352.56|http://frontend.frikanalen.tv/media/3476/broadcast/3476_682101dce3ad46b9b47e50d4dcce3534.avi
623080|valg09- Skeiv Ungdom|f|623080|2|1|2011-09-05 18:42:36.340546||0|500.2|http://frontend.frikanalen.tv/media/3483/broadcast/3483_b7cc3da82b42465db3765f16ea716b92.avi
623081|Naturvideo 001|f|623081|2|1|2011-09-05 18:42:36.340546||0|302.16|http://frontend.frikanalen.tv/media/3487/broadcast/3487_71828188fd4e40d0910dd6a91b52351b.avi
623082|The Gathering - Guitar Zelda|f|623082|2|1|2011-09-05 18:42:36.340546||0|150.28|http://frontend.frikanalen.tv/media/3488/broadcast/3488_3b3b90b0ec4849d08dc9485666be1f35.avi
623090|Tellus - med våre øyne - del 02|f|623090|2|1|2011-09-05 18:42:36.340546||0|1405.48|http://frontend.frikanalen.tv/media/3229/broadcast/3229_6c8865b3580c41f7863fe7a4d3a92dc1.avi
623114|Erling I. Nielsen|f|623114|2|1|2011-09-05 18:42:36.340546||0|1742.16|http://frontend.frikanalen.tv/media/3523/broadcast/3523_0459200aae214aa98f697d303f4a28dc.avi
623115|Talentfabrikken uke 39|f|623115|2|1|2011-09-05 18:42:36.340546||0|1610.96|http://frontend.frikanalen.tv/media/2851/broadcast/2851_81a39cbc1828499aabb0b348e74155fc.avi
623118|Bill Stenber|f|623118|2|1|2011-09-05 18:42:36.340546||0|1733.8|http://frontend.frikanalen.tv/media/3520/broadcast/3520_17b2eacad5d84ce1b9b4f3814158e200.avi
623120|dlo juni 002|f|623120|2|1|2011-09-05 18:42:36.340546||0|1429.72|http://frontend.frikanalen.tv/media/3531/broadcast/3531_5cd321a9656641199f7b0db8d46f475b.avi
623121|Talentfabrikken uke 40|f|623121|2|1|2011-09-05 18:42:36.340546||0|1645.72|http://frontend.frikanalen.tv/media/2852/broadcast/2852_c0810571298a45978673303b0428505d.avi
623127|Tellus - med våre øyne - del 03|f|623127|2|1|2011-09-05 18:42:36.340546||0|1419.56|http://frontend.frikanalen.tv/media/3230/broadcast/3230_fec2124b498844fdb26ba54393ea12df.avi
623139|Talentfabrikken 19. mai 2010 (R)|f|623139|2|1|2011-09-05 18:42:36.340546||0|1657.04|http://frontend.frikanalen.tv/media/2853/broadcast/2853_adda5e67e1e143059675566d9e1c0458.avi
623143|Hot'n Funky|f|623143|2|1|2011-09-05 18:42:36.340546||0|1106.16|http://frontend.frikanalen.tv/media/3559/broadcast/3559_6be3ea592c184f48914eb1fcdab984bb.avi
623145|Field Band i Norge|f|623145|2|1|2011-09-05 18:42:36.340546||0|930.96|http://frontend.frikanalen.tv/media/3561/broadcast/3561_dc3d06d684e04b37a789b1a99dcfa9b7.avi
623153|Talentfabrikken 26. mai 2010 (R)|f|623153|2|1|2011-09-05 18:42:36.340546||0|1498.84|http://frontend.frikanalen.tv/media/2854/broadcast/2854_6a338b13593d41af8ffba243f831b49e.avi
623156|Ørskog skulekorps|f|623156|2|1|2011-09-05 18:42:36.340546||0|4684.56|http://frontend.frikanalen.tv/media/3574/broadcast/3574_22151eb9d6cd406994138287e9af2dad.avi
623167|Talentfabrikken 2. juni 2010 (R)|f|623167|2|1|2011-09-05 18:42:36.340546||0|1689.52|http://frontend.frikanalen.tv/media/2855/broadcast/2855_6428c63c738747f1be33101f6b86d40a.avi
623175|Dan S. Nordstrands naturvideo - høst|f|623175|2|1|2011-09-05 18:42:36.340546||0|300.4|http://frontend.frikanalen.tv/media/3581/broadcast/3581_e8aa50371bea40a8a68e95057ed3fc66.avi
623179|Tellus - med våre øyne - del 05|f|623179|2|1|2011-09-05 18:42:36.340546||0|1314.48|http://frontend.frikanalen.tv/media/3232/broadcast/3232_55d5cc53d0ea4598860f3b60be01db46.avi
623196|Talentfabrikken 16. juni 2010 (R)|f|623196|2|1|2011-09-05 18:42:36.340546||0|1586.64|http://frontend.frikanalen.tv/media/2857/broadcast/2857_b8d9f95a207f46458f8823d02158b22a.avi
623208|Talentfabrikken 23. juni 2010 (R)|f|623208|2|1|2011-09-05 18:42:36.340546||0|1682.52|http://frontend.frikanalen.tv/media/2858/broadcast/2858_686713153856437e9e6f67ce41dd5f6f.avi
623210|Tellus - med våre øyne - del 06|f|623210|2|1|2011-09-05 18:42:36.340546||0|1082.12|http://frontend.frikanalen.tv/media/3233/broadcast/3233_cd94b7967a7a4e64bf20b27c54030a12.avi
623211|Talentfabrikken 30. juni 2010 (R)|f|623211|2|1|2011-09-05 18:42:36.340546||0|1681.88|http://frontend.frikanalen.tv/media/2860/broadcast/2860_39c9f9170c804223be0083103fdef180.avi
623232|Vi går ombord 3- Redningsselskapet|f|623232|2|1|2011-09-05 18:42:36.340546||0|924.08|http://frontend.frikanalen.tv/media/3660/broadcast/3660_2d1c21f74ac74c78b9c426ddc2d98e81.avi
623238|Talentfabrikken 7. juli 2010 (R)|f|623238|2|1|2011-09-05 18:42:36.340546||0|1575.28|http://frontend.frikanalen.tv/media/2859/broadcast/2859_19563b220b354769ab31262ffbeac9f5.avi
623241|Talentfabrikken 14. juli 2010 (R)|f|623241|2|1|2011-09-05 18:42:36.340546||0|1737.2|http://frontend.frikanalen.tv/media/2861/broadcast/2861_3c327f889275448ea16bd39136b049b1.avi
623243|Talentfabrikken 28. juli 2010 (R)|f|623243|2|1|2011-09-05 18:42:36.340546||0|1577.88|http://frontend.frikanalen.tv/media/2863/broadcast/2863_7ddb5fb626524f689213622f88644e22.avi
623259|Big Buck Bunny|f|623259|2|1|2011-09-05 18:42:36.340546||0|596.48|http://frontend.frikanalen.tv/media/3676/broadcast/3676_b544193d6735472595ff46921c17b119.avi
623260|Forelesning om bifrost|f|623260|2|1|2011-09-05 18:42:36.340546||0|2585.64|http://frontend.frikanalen.tv/media/3677/broadcast/3677_99b7b1936e3c42c788d90ff4142599c6.avi
623261|Talentfabrikken 21. juli 2010 (R)|f|623261|2|1|2011-09-05 18:42:36.340546||0|1734.72|http://frontend.frikanalen.tv/media/2862/broadcast/2862_b8da834f55db484aa6e1902312b0f700.avi
623264|Empo tv - del 08|f|623264|2|1|2011-09-05 18:42:36.340546||0|1367|http://frontend.frikanalen.tv/media/3279/broadcast/3279_0ef3a5690f7b4a17a4e0d357b5e2854a.avi
623267|Talentfabrikken 4. august 2010 (R)|f|623267|2|1|2011-09-05 18:42:36.340546||0|1681.24|http://frontend.frikanalen.tv/media/2864/broadcast/2864_7358944cc2924f59a97baaa0b0fb39dc.avi
623284|Empo tv - del 09 -Årskavalkade|f|623284|2|1|2011-09-05 18:42:36.340546||0|1640.04|http://frontend.frikanalen.tv/media/3280/broadcast/3280_48b01db66aa74250a81ad8f9417d0934.avi
623293|Talentfabrikken 2010 uke 01|f|623293|2|1|2011-09-05 18:42:36.340546||0|1738.12|http://frontend.frikanalen.tv/media/2865/broadcast/2865_ec18ac43f145481b9eec89387d13fdcc.avi
623294|Stugmøte i Ulvsmåla|f|623294|2|1|2011-09-05 18:42:36.340546||0|1456.48|http://frontend.frikanalen.tv/media/3755/broadcast/3755_3fb8dcc9e1d34a11a1be1865253608da.avi
623340|Empo tv - del 10|f|623340|2|1|2011-09-05 18:42:36.340546||0|1493.76|http://frontend.frikanalen.tv/media/3693/broadcast/3693_5d06059be3594c35a2edeba53c5dc298.avi
623342|Frivillighet Norge Toppleder konferanse|f|623342|2|1|2011-09-05 18:42:36.340546||0|2094.84|http://frontend.frikanalen.tv/media/3899/broadcast/3899_d60f15bfce62495f892f460fd2aabafd.avi
623343|Frivillighet Norge Debatt|f|623343|2|1|2011-09-05 18:42:36.340546||0|2377.88|http://frontend.frikanalen.tv/media/3900/broadcast/3900_3c4778a3ff894ccbbe65f35fdf77ee9d.avi
623375|Empo tv - del 11|f|623375|2|1|2011-09-05 18:42:36.340546||0|1367|http://frontend.frikanalen.tv/media/3694/broadcast/3694_768c1d43bbbf47a7a5839f45843963c2.avi
623395|Empo tv - del 12|f|623395|2|1|2011-09-05 18:42:36.340546||0|1665.76|http://frontend.frikanalen.tv/media/3695/broadcast/3695_406a3dc7316146488c8167024a414378.avi
623398|Talentfabrikken 11. august 2010 (R)|f|623398|2|1|2011-09-05 18:42:36.340546||0|1607.56|http://frontend.frikanalen.tv/media/3742/broadcast/3742_19e602898cca40969b4a50800b463375.avi
623401|Utrop Tv - Plata fra gata|f|623401|2|1|2011-09-05 18:42:36.340546||0|264.96|http://frontend.frikanalen.tv/media/3981/broadcast/3981_35df1e9c1c07461a878fdcfdf459b9ad.avi
623407|Uka-TV promo|f|623407|2|1|2011-09-05 18:42:36.340546||0|55.88|http://frontend.frikanalen.tv/media/3982/broadcast/3982_54283806eb8742fc8adaea9396e66120.avi
623411|UKATV-10, episode 1|f|623411|2|1|2011-09-05 18:42:36.340546||0|2605|http://frontend.frikanalen.tv/media/3619/broadcast/3619_effbe9d019c246128952287c93c48093.avi
623417|Talentfabrikken 18. august 2010 (R)|f|623417|2|1|2011-09-05 18:42:36.340546||0|1566.12|http://frontend.frikanalen.tv/media/3743/broadcast/3743_00d28e6d16574f9abc820b82caaf48ba.avi
623424|Tromsø, kultur og festivalbyen i nord.|f|623424|2|1|2011-09-05 18:42:36.340546||0|1605.56|http://frontend.frikanalen.tv/media/3933/broadcast/3933_ce2f752e06cc4bc5bcee5797b5b4dff0.avi
623425|UKATV-10, episode 6|f|623425|2|1|2011-09-05 18:42:36.340546||0|2687|http://frontend.frikanalen.tv/media/3624/broadcast/3624_1b1319285644429ebe136eb9e3c6bae2.avi
623429|Talentfabrikken 25. august 2010 (R)|f|623429|2|1|2011-09-05 18:42:36.340546||0|1587.8|http://frontend.frikanalen.tv/media/3749/broadcast/3749_11cc9f2986114adab57ff36e2fdb14f4.avi
623430|talentfabrikken2010-03-03og07|f|623430|2|1|2011-09-05 18:42:36.340546||0|1587.8|http://frontend.frikanalen.tv/media/3995/broadcast/2838_c01b851591a04f46a606be582bfa7adf.avi
623432|Empo tv - del 13|f|623432|2|1|2011-09-05 18:42:36.340546||0|1288.72|http://frontend.frikanalen.tv/media/3696/broadcast/3696_2f7b314bb1e14910ae6ca1015c473bdc.avi
623442|Talentfabrikken 1. september 2010 (R)|f|623442|2|1|2011-09-05 18:42:36.340546||0|1708.64|http://frontend.frikanalen.tv/media/3784/broadcast/3784_04c34feec88d4fd78836be97f7a05182.avi
623451|Utrop TV - flerkulturelt magasin nr 01|f|623451|2|1|2011-09-05 18:42:36.340546||0|1615.92|http://frontend.frikanalen.tv/media/3996/broadcast/3996_8f0e28a2de8141279bae72297855b56f.avi
623459|timetravelling|f|623459|2|1|2011-09-05 18:42:36.340546||0|210.85|http://frontend.frikanalen.tv/media/4055/broadcast/4055_dc6626cecb804a58814105fbbb3178d1.avi
623471|Talentfabrikken 8. september 2010 (R)|f|623471|2|1|2011-09-05 18:42:36.340546||0|1428.08|http://frontend.frikanalen.tv/media/4000/broadcast/4000_78221753eaa74c7ea38203bafd2d639a.avi
623473|Utrop TV - flerkulturelt magasin nr 02|f|623473|2|1|2011-09-05 18:42:36.340546||0|1738.96|http://frontend.frikanalen.tv/media/3993/broadcast/3993_f0fc41ce83cc4a3b97f464a7f21867cd.avi
623475|Empo tv - del 14|f|623475|2|1|2011-09-05 18:42:36.340546||0|1470.88|http://frontend.frikanalen.tv/media/3697/broadcast/3697_5894b32c2c6c47cb81cf271096c243c3.avi
623476|Glory TV Del2|f|623476|2|1|2011-09-05 18:42:36.340546||0|1691|http://frontend.frikanalen.tv/media/4076/broadcast/4076_ccc0dcbcdbb4462d959925fca948db9c.avi
623482|Talentfabrikken 15. september 2010 (R)|f|623482|2|1|2011-09-05 18:42:36.340546||0|1390.36|http://frontend.frikanalen.tv/media/4001/broadcast/4001_ebc148b02d6c416694b0cbf06ac59cd1.avi
623484|Utrop TV - flerkulturelt magasin nr 03|f|623484|2|1|2011-09-05 18:42:36.340546||0|1690.36|http://frontend.frikanalen.tv/media/4010/broadcast/4010_d525beff320c4c7fa8368c1446912f4f.avi
623486|Utrop TV - flerkulturelt magasin nr 04|f|623486|2|1|2011-09-05 18:42:36.340546||0|1687.32|http://frontend.frikanalen.tv/media/4012/broadcast/4012_e4a104736ce34a60a6e0576bc122d338.avi
623488|Utrop TV - flerkulturelt magasin nr 05|f|623488|2|1|2011-09-05 18:42:36.340546||0|1696.32|http://frontend.frikanalen.tv/media/4011/broadcast/4011_58e6790f72e24a36b4ea73f22df190ff.avi
623494|Talentfabrikken 22. september 2010 (R)|f|623494|2|1|2011-09-05 18:42:36.340546||0|1716.68|http://frontend.frikanalen.tv/media/4002/broadcast/4002_25dcb640760745cfa7ab84d7f70f5c69.avi
623495|Empo tv - del 15|f|623495|2|1|2011-09-05 18:42:36.340546||0|1493.96|http://frontend.frikanalen.tv/media/3698/broadcast/3698_fe045c068d6c4c4e9e9636537bde2d61.avi
623496|Derek Prince Ministries|f|623496|2|1|2011-09-05 18:42:36.340546||0|1711.2|http://frontend.frikanalen.tv/media/4190/broadcast/4190_91bffc1acb474879b3b7b0fdb2a04a0e.avi
623501|Talentfabrikken 29. september 2010 (R)|f|623501|2|1|2011-09-05 18:42:36.340546||0|1724.96|http://frontend.frikanalen.tv/media/4003/broadcast/4003_aa547adc00d7499f84c36f544390b3ef.avi
623506|Utrop TV - flerkulturelt magasin nr 06|f|623506|2|1|2011-09-05 18:42:36.340546||0|1636.92|http://frontend.frikanalen.tv/media/4013/broadcast/4013_0639f2eef7694857b70f4f1ef47c5e90.avi
623511|Rettferd for taperne; Om fattigdom i innlandet|f|623511|2|1|2011-09-05 18:42:36.340546||0|1693.32|http://frontend.frikanalen.tv/media/4213/broadcast/4213_e11f95c2cfe84fa99686c10fbdec3a91.avi
623538|Utrop TV - flerkulturelt magasin nr 07|f|623538|2|1|2011-09-05 18:42:36.340546||0|1703.92|http://frontend.frikanalen.tv/media/4014/broadcast/4014_dbfecea2306c41af88ff1420e0dd2eb1.avi
623539|Talentfabrikken 8. oktober 2010 (R)|f|623539|2|1|2011-09-05 18:42:36.340546||0|1484.6|http://frontend.frikanalen.tv/media/4004/broadcast/4004_73dcc07099b8430ebcff74b922637a50.avi
623545|Impact Finnmark 02|f|623545|2|1|2011-09-05 18:42:36.340546||0|1560|http://frontend.frikanalen.tv/media/4185/broadcast/4185_abda477ac88948b1bd1fcfca3ebebd31.avi
623546|Impact Finnmark 01|f|623546|2|1|2011-09-05 18:42:36.340546||0|1500|http://frontend.frikanalen.tv/media/4184/broadcast/4184_29da742ffd7f44df963172343c6d96ec.avi
623548|Empo tv - del 16|f|623548|2|1|2011-09-05 18:42:36.340546||0|1274.72|http://frontend.frikanalen.tv/media/3699/broadcast/3699_29fa46b689294c1cbc8c0c7a08d3cde9.avi
623552|Talentfabrikken 15. oktober 2010 (R)|f|623552|2|1|2011-09-05 18:42:36.340546||0|1659.8|http://frontend.frikanalen.tv/media/4229/broadcast/4229_ca6d256feb584bde91b2cceef514a3b1.avi
623554|Talentfabrikken 5. mai 2010|f|623554|2|1|2011-09-05 18:42:36.340546||0|1678.6|http://frontend.frikanalen.tv/media/4231/broadcast/4231_3aa83edc83dc45709e5d66478383a9b3.avi
623555|Talentfabrikken 22. oktober 2010 (R)|f|623555|2|1|2011-09-05 18:42:36.340546||0|1718.36|http://frontend.frikanalen.tv/media/4230/broadcast/4230_c9e8991ffc474611a0cb468b59fe1699.avi
623564|Utrop TV - Flerkulturelt magasin nr 08|f|623564|2|1|2011-09-05 18:42:36.340546||0|1740.08|http://frontend.frikanalen.tv/media/4206/broadcast/4206_82f63c13186442ba99f9aa29eca05b91.avi
623566|Warriors of the net|f|623566|2|1|2011-09-05 18:42:36.340546||0|779.72|http://frontend.frikanalen.tv/media/4250/broadcast/4250_dc0d809d0b1842889ca8a298c01535eb.avi
623583|Lennart Chröder|f|623583|2|1|2011-09-05 18:42:36.340546||0|713.08|http://frontend.frikanalen.tv/media/4264/broadcast/4264_aeb2965dbcae4d44a9d914e56a9f8d2e.avi
623586|Empo tv - del 17|f|623586|2|1|2011-09-05 18:42:36.340546||0|1729.88|http://frontend.frikanalen.tv/media/3701/broadcast/3701_85b411d29bee46b5a165d7fe7a867336.avi
623589|Utrop TV - Flerkulturelt magasin nr 09|f|623589|2|1|2011-09-05 18:42:36.340546||0|1726.12|http://frontend.frikanalen.tv/media/4207/broadcast/4207_f0ca2e7097db4a0cbb3846de5f6e7b37.avi
623598|Talentfabrikken 12. mai 2010|f|623598|2|1|2011-09-05 18:42:36.340546||0|1696.08|http://frontend.frikanalen.tv/media/4232/broadcast/4232_1287a5eef7e848529d4aa161830901b5.avi
623599|Kenneth Copeland|f|623599|2|1|2011-09-05 18:42:36.340546||0|1719.36|http://frontend.frikanalen.tv/media/4281/broadcast/4281_48de85ffc4fa459caf2a2576032ce26a.avi
623603|Utrop TV - Flerkulturelt magasin nr 10|f|623603|2|1|2011-09-05 18:42:36.340546||0|1740.08|http://frontend.frikanalen.tv/media/4208/broadcast/4208_205d28d876be479fa2537ac8498a0c55.avi
623605|Utrop TV - Flerkulturelt magasin nr 11|f|623605|2|1|2011-09-05 18:42:36.340546||0|1739.12|http://frontend.frikanalen.tv/media/4209/broadcast/4209_8251bd65d09c421d96c3a1009be01bfa.avi
623606|Maitreya|f|623606|2|1|2011-09-05 18:42:36.340546||0|1596.04|http://frontend.frikanalen.tv/media/4282/broadcast/4282_d31b5c3118e04e5b936d6547e652749d.avi
623608|Pønsj: Nyttårsforsetter|f|623608|2|1|2011-09-05 18:42:36.340546||0|1200|http://frontend.frikanalen.tv/media/4297/broadcast/4297_0fee593f58d04c59bf4b00a77d7b1fb3.avi
623613|Pønsj: Sex og singelliv|f|623613|2|1|2011-09-05 18:42:36.340546||0|980.59|http://frontend.frikanalen.tv/media/4300/broadcast/4300_e6ba94b916f7433192c32e049169ee91.avi
623614|Pønsj: Forskning|f|623614|2|1|2011-09-05 18:42:36.340546||0|928.79|http://frontend.frikanalen.tv/media/4304/broadcast/4304_5cc8ea71395843299c4b22a64519f2b8.avi
623615|Pønsj: Banning|f|623615|2|1|2011-09-05 18:42:36.340546||0|1200.07|http://frontend.frikanalen.tv/media/4303/broadcast/4303_67a2d7e4f7d64ffb8b21138a15d10021.avi
623616|Pønsj: Roboter|f|623616|2|1|2011-09-05 18:42:36.340546||0|1100.31|http://frontend.frikanalen.tv/media/4305/broadcast/4305_38efa6a235df44fe9f8ab2968cfaf227.avi
623617|Pønsj: ISFIT.|f|623617|2|1|2011-09-05 18:42:36.340546||0|1199.43|http://frontend.frikanalen.tv/media/4306/broadcast/4306_d3ed9d7464c4468c8eed9e55c917e84c.avi
623618|Pønsj: Typisk norsk|f|623618|2|1|2011-09-05 18:42:36.340546||0|1152.35|http://frontend.frikanalen.tv/media/4307/broadcast/4307_12ef19a4cfc34449b5fc24e5c0430549.avi
623619|Pønsj: Kokkekamp|f|623619|2|1|2011-09-05 18:42:36.340546||0|1172.32|http://frontend.frikanalen.tv/media/4308/broadcast/4308_84d7508660a24b8da0bbf4870030d907.avi
623620|Pønsj; Erotikk!|f|623620|2|1|2011-09-05 18:42:36.340546||0|1199.99|http://frontend.frikanalen.tv/media/4309/broadcast/4309_47f62af683264a70a368955372b024d6.avi
623622|Pønsj: Design|f|623622|2|1|2011-09-05 18:42:36.340546||0|1198.56|http://frontend.frikanalen.tv/media/4310/broadcast/4310_3ebc59ac1f2c4532a066778bf8259772.avi
623624|Pønsj: Idrett|f|623624|2|1|2011-09-05 18:42:36.340546||0|993.04|http://frontend.frikanalen.tv/media/4311/broadcast/4311_fa9602c1d46242ddbb9f55fd0edd0016.avi
623626|Pønsj: Krigsdokumentar|f|623626|2|1|2011-09-05 18:42:36.340546||0|1200|http://frontend.frikanalen.tv/media/4312/broadcast/4312_a8bcbaa699344e57a17f7380551ce904.avi
623627|Pønsj: Utdanning|f|623627|2|1|2011-09-05 18:42:36.340546||0|1259.76|http://frontend.frikanalen.tv/media/4314/broadcast/4314_682524daa54143c78a92e089b1470276.avi
623628|Pønsj: Uke 18|f|623628|2|1|2011-09-05 18:42:36.340546||0|1171.04|http://frontend.frikanalen.tv/media/4315/broadcast/4315_0c7e2ffbc2724cdcbb496cf366acfaa2.avi
623629|Pønsj- Uke 19|f|623629|2|1|2011-09-05 18:42:36.340546||0|1331.72|http://frontend.frikanalen.tv/media/4316/broadcast/4316_8e040e4e6633463baef13ddbb35069b5.avi
623630|Pønsj9|f|623630|2|1|2011-09-05 18:42:36.340546||0|1111.32|http://frontend.frikanalen.tv/media/4317/broadcast/4317_47b2ef26e5404c2d829a6c4e9ea059a1.avi
623643|Dansegruppa Free*Style|f|623643|2|1|2011-09-05 18:42:36.340546||0|560|http://frontend.frikanalen.tv/media/4357/broadcast/4357_419b4cfb2e35435b8e375a67c71be328.avi
623644|Dansegruppa Free*Style - Tromsø|f|623644|2|1|2011-09-05 18:42:36.340546||0|532.84|http://frontend.frikanalen.tv/media/4360/broadcast/4360_f40bb8cd781d48a59c57170f31627289.avi
623649|Empo TV - del 19|f|623649|2|1|2011-09-05 18:42:36.340546||0|1491.48|http://frontend.frikanalen.tv/media/3909/broadcast/3909_c60e7dc396204d229b4948fa071a8b44.avi
623655|Utrop TV - Flerkulturelt magasin nr 12|f|623655|2|1|2011-09-05 18:42:36.340546||0|1724.64|http://frontend.frikanalen.tv/media/4210/broadcast/4210_8e6972fd5e644c89b1c45e281c879d4b.avi
623664|Utrop TV - nr 13|f|623664|2|1|2011-09-05 18:42:36.340546||0|1740.08|http://frontend.frikanalen.tv/media/4211/broadcast/4211_391f1560b23f44048bd74c287bbfa689.avi
623672|Utrop TV - nr 14|f|623672|2|1|2011-09-05 18:42:36.340546||0|1555.68|http://frontend.frikanalen.tv/media/4212/broadcast/4212_c397515002774e61816e83591bce81be.avi
623689|Utrop TV - nr 15|f|623689|2|1|2011-09-05 18:42:36.340546||0|1601.36|http://frontend.frikanalen.tv/media/4361/broadcast/4361_769d71bda6494e70a07df4754541ebb3.avi
623704|Empo TV - del 20|f|623704|2|1|2011-09-05 18:42:36.340546||0|1737.96|http://frontend.frikanalen.tv/media/3910/broadcast/3910_4275c01205384919ac5ac3d771d0bb5e.avi
623710|Jonas Gahr Stoere|f|623710|2|1|2011-09-05 18:42:36.340546||0|990.36|http://frontend.frikanalen.tv/media/4462/broadcast/4462_39e41575f43f455492226a69cae0c9d3.avi
623715|Helse, Program1 140710|f|623715|2|1|2011-09-05 18:42:36.340546||0|1724|http://frontend.frikanalen.tv/media/4447/broadcast/4447_80256d2c2d114094b659731c2917ac3a.avi
623722|DNK 105|f|623722|2|1|2011-09-05 18:42:36.340546||0|1567.6|http://frontend.frikanalen.tv/media/4468/broadcast/4465_96ceafd0f7864fd3bab6b9d9914ef62e.avi
623725|DNK 173|f|623725|2|1|2011-09-05 18:42:36.340546||0|1559.32|http://frontend.frikanalen.tv/media/4470/broadcast/4461_a5713dfc661f428aacf4b768cd37b047.avi
623743|Ung Jazz -2005|f|623743|2|1|2011-09-05 18:42:36.340546||0|1744.4|http://frontend.frikanalen.tv/media/4492/broadcast/4492_35584a82f4a54c2283310bf15ba08a6c.avi
623744|Værldens Gjemfødelse 080910|f|623744|2|1|2011-09-05 18:42:36.340546||0|1755.12|http://frontend.frikanalen.tv/media/4502/broadcast/4502_57a66c186e1c47b28a8a4e11fc069529.avi
623747|Ung jazz 2005 del 2|f|623747|2|1|2011-09-05 18:42:36.340546||0|1635.88|http://frontend.frikanalen.tv/media/4504/broadcast/4504_9ebf4cae3b6d4bb5a1cf36fb347d50ca.avi
623748|Planetenes størrelse - Test HD fra youtube|f|623748|2|1|2011-09-05 18:42:36.340546||0|153.8|http://frontend.frikanalen.tv/media/4505/broadcast/4505_cabb3d80e7b245b68f931e56288ab036.avi
623750|NASA launch - Test HD fra Youtube|f|623750|2|1|2011-09-05 18:42:36.340546||0|691.76|http://frontend.frikanalen.tv/media/4506/broadcast/4506_1eb42df22a6f4664b2f160a094a31c1e.avi
623753|Informasjon om Frikanalen|f|623753|2|1|2011-09-05 18:42:36.340546||0|86.24|http://frontend.frikanalen.tv/media/4513/broadcast/4513_970ea53b487142bca349ec9455f9b9f8.avi
623770|test trinn 2 av 2|f|623770|2|1|2011-09-05 18:42:36.340546||0|86.24|http://frontend.frikanalen.tv/media/4527/broadcast/4527_6c9ee25f20a747148b96341e02d99aa6.avi
623771|Ulvsmålafestivalen 020810|f|623771|2|1|2011-09-05 18:42:36.340546||0|1768.64|http://frontend.frikanalen.tv/media/4528/broadcast/4528_ad61ba54169f47aa868b5723d50bfb28.avi
623774|Helse, Program2 040810|f|623774|2|1|2011-09-05 18:42:36.340546||0|1690.52|http://frontend.frikanalen.tv/media/4532/broadcast/4532_c2b8cc5c8bbd4707b10a31402dfc2426.avi
623779|Slik bruker du Frikanalen|f|623779|2|1|2011-09-05 18:42:36.340546||0|337.2|http://frontend.frikanalen.tv/media/4535/broadcast/4535_bde8659fbc414740a8c981a0f5669469.avi
623780|Empo tv infosnutt|f|623780|2|1|2011-09-05 18:42:36.340546||0|179.12|http://frontend.frikanalen.tv/media/4536/broadcast/4536_45498d40f5494afc8031515c2b00cf0b.avi
623785|Dem goda Nyheter 090810|f|623785|2|1|2011-09-05 18:42:36.340546||0|1754.88|http://frontend.frikanalen.tv/media/4554/broadcast/4554_4d7b71dc46b94fdd8a8b746807386ef9.avi
623796|A1 - Caught in the middle|f|623796|2|1|2011-09-05 18:42:36.340546||0|174.28|http://frontend.frikanalen.tv/media/4562/broadcast/4562_4675e3e0e83d4cf2a185abbf82cd0682.avi
623799|Anmeldelse:New Supermario Bros|f|623799|2|1|2011-09-05 18:42:36.340546||0|109|http://frontend.frikanalen.tv/media/4566/broadcast/4566_e18794dacaae4f75a320c91d9890aef5.avi
623801|Apropos: Kulde|f|623801|2|1|2011-09-05 18:42:36.340546||0|168.8|http://frontend.frikanalen.tv/media/4588/broadcast/4588_e2d56ab5a86549b4af771bdd06f01795.avi
623804|Dance and hold hands|f|623804|2|1|2011-09-05 18:42:36.340546||0|103.24|http://frontend.frikanalen.tv/media/4573/broadcast/4573_9fa06ce55f334b5e8048abbb6c3855e1.avi
623806|Dataprosa|f|623806|2|1|2011-09-05 18:42:36.340546||0|115.2|http://frontend.frikanalen.tv/media/4575/broadcast/4575_a0192d4488bb489483b4774a8dcadc0d.avi
623808|De eldres dag|f|623808|2|1|2011-09-05 18:42:36.340546||0|97.04|http://frontend.frikanalen.tv/media/4577/broadcast/4577_5090de1546484c6a8861a0890a5ed41d.avi
623809|Filmanmeldelse: Invictus|f|623809|2|1|2011-09-05 18:42:36.340546||0|91.88|http://frontend.frikanalen.tv/media/4578/broadcast/4578_562c68c9de8a405f8bb8b945ba12704f.avi
623810|Filmanmeldelse: Shutter island|f|623810|2|1|2011-09-05 18:42:36.340546||0|115.96|http://frontend.frikanalen.tv/media/4597/broadcast/4597_280df4a464f14807a6b71e2b82197b22.avi
623811|Filmanmeldelse: Valentinesday|f|623811|2|1|2011-09-05 18:42:36.340546||0|109.84|http://frontend.frikanalen.tv/media/4579/broadcast/4579_71e28f546fa04787b482901ad49ad2fe.avi
623813|Gåte på Storås|f|623813|2|1|2011-09-05 18:42:36.340546||0|508.48|http://frontend.frikanalen.tv/media/4581/broadcast/4581_297b54d6b8d448d5a96377cc3c7db321.avi
623814|Handicap|f|623814|2|1|2011-09-05 18:42:36.340546||0|119.32|http://frontend.frikanalen.tv/media/4582/broadcast/4582_b9612b0e462b49318c3d710147af4712.avi
623815|Hjernen|f|623815|2|1|2011-09-05 18:42:36.340546||0|186.84|http://frontend.frikanalen.tv/media/4558/broadcast/4558_53cc0c9667024fa29015de112d18bb37.avi
623816|Jaga Jazzist|f|623816|2|1|2011-09-05 18:42:36.340546||0|54.08|http://frontend.frikanalen.tv/media/4584/broadcast/4584_1907118e20ab4e428680c35dd094fc9b.avi
623817|Kråkesølv|f|623817|2|1|2011-09-05 18:42:36.340546||0|124.56|http://frontend.frikanalen.tv/media/4587/broadcast/4587_89f6d53b89ea461fa13f2ae7028c4836.avi
623819|Krimgåte:70Žs action|f|623819|2|1|2011-09-05 18:42:36.340546||0|283.96|http://frontend.frikanalen.tv/media/4561/broadcast/4561_d319cdd0fc9d47949bcf020b4f07640a.avi
623820|Kurt Nilsen|f|623820|2|1|2011-09-05 18:42:36.340546||0|131.76|http://frontend.frikanalen.tv/media/4589/broadcast/4589_4f53dd89cff648a397085e0b40083d46.avi
623821|Lillasyster|f|623821|2|1|2011-09-05 18:42:36.340546||0|304.52|http://frontend.frikanalen.tv/media/4590/broadcast/4590_14c55c64f52d4201b0edcb12cfa6bfd2.avi
623825|Rubiks kube|f|623825|2|1|2011-09-05 18:42:36.340546||0|88.6|http://frontend.frikanalen.tv/media/4595/broadcast/4595_0928ba33f9734f8599df69635269403e.avi
623827|Sorte får|f|623827|2|1|2011-09-05 18:42:36.340546||0|151.72|http://frontend.frikanalen.tv/media/4599/broadcast/4599_42866e242f9748f98fa26c024545be5e.avi
623831|Spring awakening|f|623831|2|1|2011-09-05 18:42:36.340546||0|115.8|http://frontend.frikanalen.tv/media/4603/broadcast/4603_49fb045913524b3dad807e72fe53a346.avi
623832|Stemning på Storås|f|623832|2|1|2011-09-05 18:42:36.340546||0|54.76|http://frontend.frikanalen.tv/media/4604/broadcast/4604_4182efa24e6a429ebde05dc00c4d5c4b.avi
623833|Tattoo|f|623833|2|1|2011-09-05 18:42:36.340546||0|173.84|http://frontend.frikanalen.tv/media/4560/broadcast/4560_e30339ff1da447fcb0597f9d73361292.avi
623834|The Megafonic Thrift|f|623834|2|1|2011-09-05 18:42:36.340546||0|82.8|http://frontend.frikanalen.tv/media/4606/broadcast/4606_e6884657b866489594827cf5b5cb4873.avi
623835|Thom Hell|f|623835|2|1|2011-09-05 18:42:36.340546||0|104.28|http://frontend.frikanalen.tv/media/4607/broadcast/4607_bf6d85f868824f57ab8a2c4f5b4589d3.avi
623845|Helse, Program3 250810|f|623845|2|1|2011-09-05 18:42:36.340546||0|1695.64|http://frontend.frikanalen.tv/media/4621/broadcast/4621_cb2ea666b0b941b6bf91974fc2b5c6e5.avi
623847|Apropos: Romøren|f|623847|2|1|2011-09-05 18:42:36.340546||0|134.32|http://frontend.frikanalen.tv/media/4569/broadcast/4569_95741aee6f2041548b3c2c6db9a702fe.avi
623855|Gunnar Sønsteby.|f|623855|2|1|2011-09-05 18:42:36.340546||0|97.28|http://frontend.frikanalen.tv/media/4605/broadcast/4605_5a40f1d4cc4a48d39906472344b08063.avi
623856|Vinterlyd|f|623856|2|1|2011-09-05 18:42:36.340546||0|107.56|http://frontend.frikanalen.tv/media/4585/broadcast/4585_67ecf04c683047f4badd1c4f18ffc423.avi
623862|Golfhund (SD)|f|623862|2|1|2011-09-05 18:42:36.340546||0|170.28|http://frontend.frikanalen.tv/media/4634/broadcast/4634_b546fe82168a4d8f82353d0948cfc2e6.avi
623864|Khalid|f|623864|2|1|2011-09-05 18:42:36.340546||0|5.96|http://frontend.frikanalen.tv/media/4636/broadcast/4636_06d4759bf48b43da9ca7e69bf3935b66.avi
623869|Empo tv - del 21|f|623869|2|1|2011-09-05 18:42:36.340546||0|1743.68|http://frontend.frikanalen.tv/media/3911/broadcast/3911_0babf40724e747bdb43df0247b8577e0.avi
623870|Utrop TV - nr 17|f|623870|2|1|2011-09-05 18:42:36.340546||0|983.52|http://frontend.frikanalen.tv/media/4368/broadcast/4368_9693dd1885534c37b21524f414b53aa8.avi
623873|Sootkanalen|f|623873|2|1|2011-09-05 18:42:36.340546||0|788.32|http://frontend.frikanalen.tv/media/4668/broadcast/4668_abc803542b1d48aa82e4adbb1d30a19d.avi
623876|Helse, Program4 150910|f|623876|2|1|2011-09-05 18:42:36.340546||0|1135|http://frontend.frikanalen.tv/media/4680/broadcast/4680_7e4e6ad88a12400f8ac7af800f6d7c57.avi
623885|Friprog prisen 2009|f|623885|2|1|2011-09-05 18:42:36.340546||0|3707.36|http://frontend.frikanalen.tv/media/4693/broadcast/4693_23b0784a23c24f25b9b691a4043ba383.avi
623886|Utrop TV - nr 18|f|623886|2|1|2011-09-05 18:42:36.340546||0|1731.12|http://frontend.frikanalen.tv/media/4369/broadcast/4369_98b313f026634be6b9a1ff5e90336d57.avi
623894|"För-i-väla"|f|623894|2|1|2011-09-05 18:42:36.340546||0|1678.8|http://frontend.frikanalen.tv/media/4699/broadcast/4699_05d84b0ae7b44cd7989924b963c66bd8.avi
623901|Empo tv - del 22|f|623901|2|1|2011-09-05 18:42:36.340546||0|1718.48|http://frontend.frikanalen.tv/media/4647/broadcast/4647_d703bee4e08148e7ac65f94db6e6f55a.avi
623910|Utrop TV - nr 19|f|623910|2|1|2011-09-05 18:42:36.340546||0|1294|http://frontend.frikanalen.tv/media/4370/broadcast/4370_1c1616017bf844d5a6594cc7d95b9e54.avi
623913|Frisk og glad episode 7|f|623913|2|1|2011-09-05 18:42:36.340546||0|3300|http://frontend.frikanalen.tv/media/4740/broadcast/4740_f4c635365eca4d39a5d2675974a351cd.avi
623923|Stop Burn The Quran Day|f|623923|2|1|2011-09-05 18:42:36.340546||0|416|http://frontend.frikanalen.tv/media/4751/broadcast/4751_542cecefc6d4453e9426429b5256aa31.avi
623925|Utrop TV - nr 20|f|623925|2|1|2011-09-05 18:42:36.340546||0|1543.72|http://frontend.frikanalen.tv/media/4371/broadcast/4371_7337fdf116fe4f50b3484d113ece3931.avi
623927|Reportasje om Erik Vea|f|623927|2|1|2011-09-05 18:42:36.340546||0|168.08|http://frontend.frikanalen.tv/media/4738/broadcast/4738_e1c76e2a44ea40baaf502508401e6d71.avi
623928|Helse, Program5 061010|f|623928|2|1|2011-09-05 18:42:36.340546||0|1100.36|http://frontend.frikanalen.tv/media/4758/broadcast/4758_93276ea45df04aa8aca7ce935ca968a2.avi
623933|orig_9289441c6cd44c0cb5ee9fd62a918796|f|623933|2|1|2011-09-05 18:42:36.340546||0|1635|http://frontend.frikanalen.tv/media/4764/broadcast/4761_75213ec386734397a26e0c939f0e9c70.avi
623934|Empo tv - del 23|f|623934|2|1|2011-09-05 18:42:36.340546||0|1649.64|http://frontend.frikanalen.tv/media/4648/broadcast/4648_38a69eb2eb6f4622af1118f70c83dee0.avi
623939|Ifegeneia|f|623939|2|1|2011-09-05 18:42:36.340546||0|109.84|http://frontend.frikanalen.tv/media/4767/broadcast/4767_8ffe5ab9afa84d7f8fe25fe7d1de92af.avi
623940|Tatoveringsmesse for 10. gang|f|623940|2|1|2011-09-05 18:42:36.340546||0|102.84|http://frontend.frikanalen.tv/media/4768/broadcast/4768_d6c75d7d9c584bf1ac7df9431b14be2f.avi
623941|Blæst rundt forsvunnen ballong|f|623941|2|1|2011-09-05 18:42:36.340546||0|62.48|http://frontend.frikanalen.tv/media/4769/broadcast/4769_8b1bee3d8d3548388ed90eb0f09cfae7.avi
623943|Tak over hodet|f|623943|2|1|2011-09-05 18:42:36.340546||0|204.28|http://frontend.frikanalen.tv/media/4771/broadcast/4771_caa76fb2109b482597d88313452ca8df.avi
623944|Apropos: Panting|f|623944|2|1|2011-09-05 18:42:36.340546||0|121.8|http://frontend.frikanalen.tv/media/4772/broadcast/4772_42b6e421687548fc8cd060befed3c77b.avi
623949|Apropos: Festival|f|623949|2|1|2011-09-05 18:42:36.340546||0|262.88|http://frontend.frikanalen.tv/media/4777/broadcast/4777_27d8194132dc4e92b0f2198691e9a9f1.avi
623950|Ut av skapet|f|623950|2|1|2011-09-05 18:42:36.340546||0|95.8|http://frontend.frikanalen.tv/media/4778/broadcast/4778_e9fbd4413204460086ea191909b265fd.avi
623951|Økonomitips|f|623951|2|1|2011-09-05 18:42:36.340546||0|129|http://frontend.frikanalen.tv/media/4779/broadcast/4779_9c3f2be653c648aeaa8e691604191c59.avi
623953|Skuretfestivalen|f|623953|2|1|2011-09-05 18:42:36.340546||0|113.56|http://frontend.frikanalen.tv/media/4783/broadcast/4783_7d09fcde73cd416dbd95626ee9e8f9f8.avi
623954|Tak over hodet|f|623954|2|1|2011-09-05 18:42:36.340546||0|204.28|http://frontend.frikanalen.tv/media/4780/broadcast/4780_3316e2ef1af349b7a4c4539a1812389c.avi
623959|Værldens Gjemfødelse 3 181010|f|623959|2|1|2011-09-05 18:42:36.340546||0|1755.12|http://frontend.frikanalen.tv/media/4789/broadcast/4789_10815a55489e4e55bc825e4ff9652347.avi
623960|Værldens Gjemfødelse 251010|f|623960|2|1|2011-09-05 18:42:36.340546||0|1755.12|http://frontend.frikanalen.tv/media/4790/broadcast/4790_c9a5a8ca03cf4e6eb54dba934e424bb8.avi
623964|Önskesangen|f|623964|2|1|2011-09-05 18:42:36.340546||0|1719.68|http://frontend.frikanalen.tv/media/4793/broadcast/4793_db5c2ffa7fd24a2f8fd8a2a22e4a2f59.avi
623970|OpenStreetMap og fri kartdata|f|623970|2|1|2011-09-05 18:42:36.340546||0|3428.56|http://frontend.frikanalen.tv/media/4798/broadcast/4798_24eb07960d284976991c357f5533450a.avi
623971|Empo tv - del 24|f|623971|2|1|2011-09-05 18:42:36.340546||0|1575.76|http://frontend.frikanalen.tv/media/4649/broadcast/4649_8335233c18804f079594831a97617a3a.avi
623973|Ruby on Rails for enterprise behov|f|623973|2|1|2011-09-05 18:42:36.340546||0|3279.44|http://frontend.frikanalen.tv/media/4818/broadcast/4818_2add26291df6475d84d061cab6cbda28.avi
623975|Radioamatørenes sporingssystem|f|623975|2|1|2011-09-05 18:42:36.340546||0|3700|http://frontend.frikanalen.tv/media/4820/broadcast/4820_2935a672d90a46449dc2a43630f40dfc.avi
623979|Heidi Grande Røys om friprog|f|623979|2|1|2011-09-05 18:42:36.340546||0|616.56|http://frontend.frikanalen.tv/media/4828/broadcast/4828_f98b8f21487a4d559d1cc932325ecd18.avi
623981|Utrop TV - nr 21|f|623981|2|1|2011-09-05 18:42:36.340546||0|1740|http://frontend.frikanalen.tv/media/4683/broadcast/4683_8b0d994abd634e28a4d0e6427d31f7d8.avi
623982|Frikanalen, ytringsfrihet i TV|f|623982|2|1|2011-09-05 18:42:36.340546||0|3700|http://frontend.frikanalen.tv/media/4831/broadcast/4831_07f17eb3e2374487ad3d830e7b047ea3.avi
623983|Maskeblomstfamilien|f|623983|2|1|2011-09-05 18:42:36.340546||0|189.52|http://frontend.frikanalen.tv/media/4832/broadcast/4832_24d58ce32d044f1d82258512bc74aaee.avi
623987|Hjelp, jeg skal holde tale!|f|623987|2|1|2011-09-05 18:42:36.340546||0|3429.64|http://frontend.frikanalen.tv/media/4834/broadcast/4834_703b9d1ffd314a57adef756b7d1b20ad.avi
623989|Frivillighet Norge 5 år|f|623989|2|1|2011-09-05 18:42:36.340546||0|4207.2|http://frontend.frikanalen.tv/media/4845/broadcast/4845_9331b2bfe3004b338925094ae712b79c.avi
623990|Konfigurasjonsstyring med Chef|f|623990|2|1|2011-09-05 18:42:36.340546||0|3635.88|http://frontend.frikanalen.tv/media/4844/broadcast/4844_407b8a8f1cde405bb218505fc76ab195.avi
623992|Elephants dream|f|623992|2|1|2011-09-05 18:42:36.340546||0|673.8|http://frontend.frikanalen.tv/media/4846/broadcast/4846_2ce450330c3f4af4ac0b478870c70fee.avi
623994|ShowKafé 2010 del 1 - 03.11.10|f|623994|2|1|2011-09-05 18:42:36.340546||0|1716.84|http://frontend.frikanalen.tv/media/4891/broadcast/4891_9937580a81434683bd7cfeb0a924994c.avi
623995|ShowKafé 2010 del 2 - 10.11.10|f|623995|2|1|2011-09-05 18:42:36.340546||0|1719.48|http://frontend.frikanalen.tv/media/4892/broadcast/4892_fdd23bf1b96447e0bff3bbb0f296d98f.avi
623996|ShowKafé 2010 del 3 - 17.11.10|f|623996|2|1|2011-09-05 18:42:36.340546||0|1703.6|http://frontend.frikanalen.tv/media/4893/broadcast/4893_0e9f70c969a14bc48eafb60fa7332d85.avi
623998|Empo tv - del 25|f|623998|2|1|2011-09-05 18:42:36.340546||0|1392.76|http://frontend.frikanalen.tv/media/4650/broadcast/4650_8df291e6361b4b7f9694ae850f7f961e.avi
624000|Den norske i eksil 180|f|624000|2|1|2011-09-05 18:42:36.340546||0|1597.08|http://frontend.frikanalen.tv/media/4897/broadcast/4895_4cd8df051edc4d9288361511d40b99a5.avi
624002|Poesiens By|f|624002|2|1|2011-09-05 18:42:36.340546||0|1285.56|http://frontend.frikanalen.tv/media/4894/broadcast/4894_53b6da1b363740ccbfe10cfe6f25b38e.avi
624004|Sort - Test 10 sekunder|f|624004|2|1|2011-09-05 18:42:36.340546||0|10.04|http://frontend.frikanalen.tv/media/4899/broadcast/4899_a3f7f2e9b6b043f9a0071e810250fd56.avi
624007|Holtet 181|f|624007|2|1|2011-09-05 18:42:36.340546||0|1601.08|http://frontend.frikanalen.tv/media/4913/broadcast/4911_1950c6a7e6a04642ac3dd55e442c69e0.avi
624014|Opphavsrettslige prinsipper|f|624014|2|1|2011-09-05 18:42:36.340546||0|3700|http://frontend.frikanalen.tv/media/4914/broadcast/4914_533095a6e4ea474b967999d8c1b47698.avi
624015|M. Hauge om LibreOffice|f|624015|2|1|2011-09-05 18:42:36.340546||0|437.24|http://frontend.frikanalen.tv/media/4918/broadcast/4918_096ed5fbafc143119adc21965c96c3e1.avi
624016|Oppsummering av Nokios 2010|f|624016|2|1|2011-09-05 18:42:36.340546||0|445.52|http://frontend.frikanalen.tv/media/4919/broadcast/4919_2ba259bd289d4fba90b54c0bce33e36d.avi
624018|Empo tv - del 26|f|624018|2|1|2011-09-05 18:42:36.340546||0|1309.92|http://frontend.frikanalen.tv/media/4651/broadcast/4651_c0ad762fbee34648930db4d8434fca73.avi
624019|OpenID introduksjon|f|624019|2|1|2011-09-05 18:42:36.340546||0|3700|http://frontend.frikanalen.tv/media/4917/broadcast/4917_090e6fc5caa941c1814608ea05a0ff8e.avi
624037|Empo tv - del 27|f|624037|2|1|2011-09-05 18:42:36.340546||0|1427.8|http://frontend.frikanalen.tv/media/4652/broadcast/4652_f6c95030df1e424fbf216d97c5e7a698.avi
624042|Born to play del 1|f|624042|2|1|2011-09-05 18:42:36.340546||0|1731.96|http://frontend.frikanalen.tv/media/4944/broadcast/4944_167c75cedf6d435c9dba61e9afe0a828.avi
624043|Sang program Bosse Grevinger|f|624043|2|1|2011-09-05 18:42:36.340546||0|1220.16|http://frontend.frikanalen.tv/media/4948/broadcast/4948_fe91da87e18046109b7651ee61ac4a92.avi
624045|Vinterfest Glomfjord del 2|f|624045|2|1|2011-09-05 18:42:36.340546||0|469.52|http://frontend.frikanalen.tv/media/4950/broadcast/4950_8b64a55b7c394015ab1a4c4229c83d56.avi
624046|Vinterfest Glomfjord del 3|f|624046|2|1|2011-09-05 18:42:36.340546||0|886.76|http://frontend.frikanalen.tv/media/4951/broadcast/4951_ee14b4091ea44d1f95ee1fcf5858694f.avi
624047|Vinterfest Glomfjord|f|624047|2|1|2011-09-05 18:42:36.340546||0|3902.64|http://frontend.frikanalen.tv/media/4947/broadcast/4947_311ca7a3f0df44b3875b4898d1bc9d10.avi
624059|intro ckms.tv|f|624059|2|1|2011-09-05 18:42:36.340546||0|20.04|http://frontend.frikanalen.tv/media/4964/broadcast/4964_6f537c07b7a949b08e607fe8211986e4.avi
624060|r intro til ckms.tv|f|624060|2|1|2011-09-05 18:42:36.340546||0|20.04|http://frontend.frikanalen.tv/media/4965/broadcast/4965_c8f4eb675a90411ba5fb50b0746aa796.avi
624065|Born to play del 2|f|624065|2|1|2011-09-05 18:42:36.340546||0|1740.04|http://frontend.frikanalen.tv/media/4967/broadcast/4967_515eca71e34d4a319dc218bc3d807c53.avi
624066|Empo tv - del 28|f|624066|2|1|2011-09-05 18:42:36.340546||0|1413.56|http://frontend.frikanalen.tv/media/4653/broadcast/4653_5d9ebb04446d4d73b13149005160b19e.avi
624079|DRØM: Jaer Skoles Musikkorps|f|624079|2|1|2011-09-05 18:42:36.340546||0|900|http://frontend.frikanalen.tv/media/5050/broadcast/5050_d92613651e89450886f68f1354176973.avi
624101|Sterling Station|f|624101|2|1|2011-09-05 18:42:36.340546||0|1560|http://frontend.frikanalen.tv/media/5003/broadcast/5003_a8370230b693469cb9cb24716ddf5ba5.avi
624102|Born to play del 4|f|624102|2|1|2011-09-05 18:42:36.340546||0|1740|http://frontend.frikanalen.tv/media/5051/broadcast/5051_8538ef23501543eabd7b3e539a66aceb.avi
624104|Blaker skanse i Sörum komune|f|624104|2|1|2011-09-05 18:42:36.340546||0|600|http://frontend.frikanalen.tv/media/5077/broadcast/5077_7034b03f02ad402ebbdadb9614e7bf87.avi
624113|Empo tv - del 29|f|624113|2|1|2011-09-05 18:42:36.340546||0|1736.68|http://frontend.frikanalen.tv/media/4654/broadcast/4654_7abebe0a715b4e84bf490b3a335f8848.avi
624123|Datalagringdirektivet og mobil|f|624123|2|1|2011-09-05 18:42:36.340546||0|104.56|http://frontend.frikanalen.tv/media/5095/broadcast/5095_9f6b31d56189457a9a5e9c02490c92eb.avi
624124|Maria Amelie|f|624124|2|1|2011-09-05 18:42:36.340546||0|222.32|http://frontend.frikanalen.tv/media/5096/broadcast/5096_e0d85d0c8a0549a3b9478834e38774dc.avi
624126|Apropos Trekant|f|624126|2|1|2011-09-05 18:42:36.340546||0|161.56|http://frontend.frikanalen.tv/media/5107/broadcast/5107_d48e1d20cb5d4db0947b958e71e3d4ea.avi
624130|Kopiering er ikke tyveri|f|624130|2|1|2011-09-05 18:42:36.340546||0|79.64|http://frontend.frikanalen.tv/media/5110/broadcast/5110_7c10fc16cc1b4945ba122480a8227edb.avi
624131|Dag Sørås|f|624131|2|1|2011-09-05 18:42:36.340546||0|133.76|http://frontend.frikanalen.tv/media/5112/broadcast/5112_9e3aed015e774a2bbf5452421f73fa0c.avi
624132|100 års dans på èn kveld|f|624132|2|1|2011-09-05 18:42:36.340546||0|122.88|http://frontend.frikanalen.tv/media/5113/broadcast/5111_ab86a9930c5d4a809cd9a799a3472f3c.avi
624133|Frivillighet i Trondheim|f|624133|2|1|2011-09-05 18:42:36.340546||0|284.64|http://frontend.frikanalen.tv/media/5114/broadcast/5114_3930f077c934440bb94762087ece99a2.avi
624134|Anmeldelse: Trolljegeren|f|624134|2|1|2011-09-05 18:42:36.340546||0|134.2|http://frontend.frikanalen.tv/media/5117/broadcast/5117_6a632560eb3547608d0257f404779d04.avi
624137|Norge trenger gjeldstelefonen|f|624137|2|1|2011-09-05 18:42:36.340546||0|1020.48|http://frontend.frikanalen.tv/media/5092/broadcast/5092_473da03bf9304b9190e0dc7cc6182e23.avi
624150|Empo tv - del 30|f|624150|2|1|2011-09-05 18:42:36.340546||0|981.44|http://frontend.frikanalen.tv/media/4655/broadcast/4655_4523aa239aed4f5ca808659bd8424930.avi
624153|Nizsmewassiat|f|624153|2|1|2011-09-05 18:42:36.340546||0|1861.8|http://frontend.frikanalen.tv/media/5134/broadcast/5134_9293dbe0ff9a4a5f85f0cd25ac1874f9.avi
624154|Born to play del 3|f|624154|2|1|2011-09-05 18:42:36.340546||0|1640|http://frontend.frikanalen.tv/media/5138/broadcast/5138_0e9fa2d91f584f18b42bdb574c3467ad.avi
624167|Empo tv - del 31|f|624167|2|1|2011-09-05 18:42:36.340546||0|1692.92|http://frontend.frikanalen.tv/media/5022/broadcast/5022_ed0611a2dfdb46bb9a888ea8c519f0f3.avi
624172|Information om foreningen ckms|f|624172|2|1|2011-09-05 18:42:36.340546||0|211.56|http://frontend.frikanalen.tv/media/5165/broadcast/5165_748a4aa086a24046a51f31e78554f77a.avi
624194|Introduksjon til semantisk web|f|624194|2|1|2011-09-05 18:42:36.340546||0|3687.72|http://frontend.frikanalen.tv/media/5193/broadcast/5193_5b36ac6f90124c5bae2bc42aab88f8c3.avi
624203|Empo tv - del 32|f|624203|2|1|2011-09-05 18:42:36.340546||0|867.76|http://frontend.frikanalen.tv/media/5024/broadcast/5024_015239c9feaf44af9cd40ef4d88e995a.avi
624206|Økonomisk realitetssjekk|f|624206|2|1|2011-09-05 18:42:36.340546||0|1218.72|http://frontend.frikanalen.tv/media/5204/broadcast/5204_a4e765e005b046f4aebcfc19cbfe249f.avi
624207|Utrop TV - nr 25|f|624207|2|1|2011-09-05 18:42:36.340546||0|435.08|http://frontend.frikanalen.tv/media/4687/broadcast/4687_2606953256d74ba5b5bfdc74c4903d78.avi
624209|Nyhetene om nyhetene|f|624209|2|1|2011-09-05 18:42:36.340546||0|262.02|http://frontend.frikanalen.tv/media/5210/broadcast/5210_9d4801ac952f4a228b94626455a26d61.avi
624210|A. Mullins og hennar 12par ben|f|624210|2|1|2011-09-05 18:42:36.340546||0|597.39|http://frontend.frikanalen.tv/media/5209/broadcast/5209_1e66ecdc12414813b00d3af3c9619082.avi
624212|Filmandmeldelse: The Town|f|624212|2|1|2011-09-05 18:42:36.340546||0|97.8|http://frontend.frikanalen.tv/media/5216/broadcast/5216_b44ac6ae04e447be99b367a948e8f2dd.avi
624213|Flere studentboliger til Trondheim|f|624213|2|1|2011-09-05 18:42:36.340546||0|101.64|http://frontend.frikanalen.tv/media/5234/broadcast/5234_dba8a6052c40407a88538e398b15286e.avi
624216|Et 3D-atlas av universet|f|624216|2|1|2011-09-05 18:42:36.340546||0|413.2|http://frontend.frikanalen.tv/media/5246/broadcast/5246_a19aa2e9a5094c359aca61bd8cf3060d.avi
624217|Om hvordan bakterier snakker|f|624217|2|1|2011-09-05 18:42:36.340546||0|1086.97|http://frontend.frikanalen.tv/media/5245/broadcast/5245_5f001e496e374a8c8531fc8d74356bf1.avi
624218|Empo tv - del 33|f|624218|2|1|2011-09-05 18:42:36.340546||0|898.84|http://frontend.frikanalen.tv/media/5029/broadcast/5029_0645b1dcd32440f39c14b5a880462f0c.avi
624219|Video på internett, innovasjon|f|624219|2|1|2011-09-05 18:42:36.340546||0|1128.96|http://frontend.frikanalen.tv/media/5247/broadcast/5247_42af627c163243b8a8097d4b140ade55.avi
624220|Søt, sexy, sukkersøt, morsom|f|624220|2|1|2011-09-05 18:42:36.340546||0|464.16|http://frontend.frikanalen.tv/media/5248/broadcast/5248_66a885279aa545ae8f24f7663867d121.avi
624221|Den beste gaven jeg overlevde|f|624221|2|1|2011-09-05 18:42:36.340546||0|193.44|http://frontend.frikanalen.tv/media/5249/broadcast/5249_6e4b2e8fa2c94a9aa88c6674ce9b7467.avi
624222|5080 - Piss piss piss|f|624222|2|1|2011-09-05 18:42:36.340546||0|94.44|http://frontend.frikanalen.tv/media/5250/broadcast/5250_f44caabb8a6b4f9abc1f1b6a87168064.avi
624223|5080 - Troll i ord|f|624223|2|1|2011-09-05 18:42:36.340546||0|175.64|http://frontend.frikanalen.tv/media/5251/broadcast/5251_da03e434be914383ab6d29c98a2dd019.avi
624224|5080 - Helge Jordal|f|624224|2|1|2011-09-05 18:42:36.340546||0|216.92|http://frontend.frikanalen.tv/media/5252/broadcast/5252_a26f410bb3a8491f85d4104e1718bbf4.avi
624225|5080 - Laffen|f|624225|2|1|2011-09-05 18:42:36.340546||0|266.84|http://frontend.frikanalen.tv/media/5253/broadcast/5253_9643f09395714a3cacc6ea41c902adc1.avi
624226|5080TV sending 1|f|624226|2|1|2011-09-05 18:42:36.340546||0|1901.32|http://frontend.frikanalen.tv/media/5254/broadcast/5254_b9ff794c12e1431881d2999753f93806.avi
624228|Redd pres.- Krise i medienorge|f|624228|2|1|2011-09-05 18:42:36.340546||0|157.76|http://frontend.frikanalen.tv/media/5260/broadcast/5260_7156f49efd4440828e4f47edc1bc1472.avi
624229|Redd pressen!|f|624229|2|1|2011-09-05 18:42:36.340546||0|687.92|http://frontend.frikanalen.tv/media/5256/broadcast/5256_878c1cd4e15c4634bf0c0d29ed99f54b.avi
624230|Redd pressen- Around the world|f|624230|2|1|2011-09-05 18:42:36.340546||0|105.08|http://frontend.frikanalen.tv/media/5261/broadcast/5261_91af4bb2d2df4dbc9059abb3205be976.avi
624231|SKUP - Dokument|f|624231|2|1|2011-09-05 18:42:36.340546||0|459.8|http://frontend.frikanalen.tv/media/5257/broadcast/5257_4e006a99835e4762bcf5540ecdbdf680.avi
624232|Redd pressen - Barnehagen|f|624232|2|1|2011-09-05 18:42:36.340546||0|176|http://frontend.frikanalen.tv/media/5259/broadcast/5259_0590294e213341a790a362fc527144a5.avi
624233|Redd pres.- Fadder Lars Helle|f|624233|2|1|2011-09-05 18:42:36.340546||0|249.12|http://frontend.frikanalen.tv/media/5262/broadcast/5262_da7f6f632357434cbe4c7da368a83cc9.avi
624235|Utrop TV - Studio1|f|624235|2|1|2011-09-05 18:42:36.340546||0|1632.44|http://frontend.frikanalen.tv/media/4686/broadcast/4686_001daa6bf2f4453b93987123785e652e.avi
624243|Hele Verdens Reformator|f|624243|2|1|2011-09-05 18:42:36.340546||0|1554.6|http://frontend.frikanalen.tv/media/5280/broadcast/5280_e79c8b032929427a8d8ffa8b719a3bfd.avi
624244|Empo tv - del 34|f|624244|2|1|2011-09-05 18:42:36.340546||0|878.6|http://frontend.frikanalen.tv/media/5026/broadcast/5026_516e9c44bad149febb71ab012e65114d.avi
624258|Hap 1|f|624258|2|1|2011-09-05 18:42:36.340546||0|900|http://frontend.frikanalen.tv/media/5302/broadcast/5302_b6f44a7b61054724836bc5137de6b87e.avi
624261|Apropos - Horoskop|f|624261|2|1|2011-09-05 18:42:36.340546||0|168.84|http://frontend.frikanalen.tv/media/5314/broadcast/5314_a06fcd1885924a4586b02d99a51e8875.avi
624262|Duplex - Egil|f|624262|2|1|2011-09-05 18:42:36.340546||0|179.12|http://frontend.frikanalen.tv/media/5315/broadcast/5315_95684951425646c79135c4ebf62a77bd.avi
624263|Sanntidssystem|f|624263|2|1|2011-09-05 18:42:36.340546||0|76.32|http://frontend.frikanalen.tv/media/5316/broadcast/5316_47dc59dc087146178d9892cbf38ea35b.avi
624264|Spill og spillsamfund|f|624264|2|1|2011-09-05 18:42:36.340546||0|118.2|http://frontend.frikanalen.tv/media/5317/broadcast/5317_72edee75beec4501b9394d542efa0c1a.avi
624267|Flammende demonstrasjon|f|624267|2|1|2011-09-05 18:42:36.340546||0|109.32|http://frontend.frikanalen.tv/media/5243/broadcast/5243_07365288cafa46cf8ccaf0ad00e851a6.avi
624268|Walk of peace|f|624268|2|1|2011-09-05 18:42:36.340546||0|97.52|http://frontend.frikanalen.tv/media/5116/broadcast/5116_fef67c84e1f24e9182bf2fdea52b186f.avi
624270|Været|f|624270|2|1|2011-09-05 18:42:36.340546||0|104.48|http://frontend.frikanalen.tv/media/4608/broadcast/4608_de4fa7cafa3c4e76804f0b4fa0c9e8fb.avi
624271|Stoltenberg lover flere NTNU-s|f|624271|2|1|2011-09-05 18:42:36.340546||0|112.6|http://frontend.frikanalen.tv/media/4773/broadcast/4773_1be917c601654a64a7df522a673eff69.avi
624272|Forsmak på fremtida|f|624272|2|1|2011-09-05 18:42:36.340546||0|108.2|http://frontend.frikanalen.tv/media/4774/broadcast/4774_88eb61f544c34218837fd082ef512a52.avi
624273|Bør Maria Amelie bli?|f|624273|2|1|2011-09-05 18:42:36.340546||0|201|http://frontend.frikanalen.tv/media/5215/broadcast/5215_376dccd40e4c4ddea0288d1bd32324d3.avi
624275|Haiku, et OS basert på BeOS|f|624275|2|1|2011-09-05 18:42:36.340546||0|3616.5|http://frontend.frikanalen.tv/media/5323/broadcast/5323_f7ec4f44792d46b786b7e5af25e809fb.avi
624279|Studentersamfundets nye leder|f|624279|2|1|2011-09-05 18:42:36.340546||0|187.4|http://frontend.frikanalen.tv/media/5325/broadcast/5325_ee52c72ca1404a91b2be0bb866bbd18d.avi
624285|Empo tv - del 35|f|624285|2|1|2011-09-05 18:42:36.340546||0|900.12|http://frontend.frikanalen.tv/media/5027/broadcast/5027_691bfdd1bb084899b2592bbec343b59e.avi
624288|KickOff|f|624288|2|1|2011-09-05 18:42:36.340546||0|112.44|http://frontend.frikanalen.tv/media/5350/broadcast/5350_d60879db23194830b08634d45c8f68e5.avi
624292|Promo UKA-TV 2011|f|624292|2|1|2011-09-05 18:42:36.340546||0|50|http://frontend.frikanalen.tv/media/5352/broadcast/5352_7a2a9f0971684daea463f7827c609e00.avi
624293|Norsk tre på fest|f|624293|2|1|2011-09-05 18:42:36.340546||0|91.36|http://frontend.frikanalen.tv/media/5348/broadcast/5348_3c0f7272373c4a90a5767535eb091aac.avi
624297|Uka-TV 11 - Sending 1|f|624297|2|1|2011-09-05 18:42:36.340546||0|1679.99|http://frontend.frikanalen.tv/media/5334/broadcast/5334_30afe807ffc941aea482ab701901b107.avi
624298|Uka-TV 11 - Sending 2|f|624298|2|1|2011-09-05 18:42:36.340546||0|1715.99|http://frontend.frikanalen.tv/media/5335/broadcast/5335_2d27959c3f374d8b90e1c6c4cb9f43a0.avi
624300|Kritisk til hemmeligholdelse|f|624300|2|1|2011-09-05 18:42:36.340546||0|223.84|http://frontend.frikanalen.tv/media/5331/broadcast/5331_7c4b0619f7b74dfb822ff4a60d70d2ee.avi
624302|Apropos Stripping|f|624302|2|1|2011-09-05 18:42:36.340546||0|180.64|http://frontend.frikanalen.tv/media/5361/broadcast/5361_4717d4fc60994d0d8502053d892e4e4b.avi
624303|Ukas anbefaling: Bad Boy Bubby|f|624303|2|1|2011-09-05 18:42:36.340546||0|120.8|http://frontend.frikanalen.tv/media/5369/broadcast/5364_6366eb9552b44b958dee03ba5b95ceb7.avi
624304|Sketsjup: Selvforsvar|f|624304|2|1|2011-09-05 18:42:36.340546||0|160|http://frontend.frikanalen.tv/media/5366/broadcast/5366_8b7e921e15604a5cb0cc9d85fa19452d.avi
624305|Uka-TV 11 - Sending 3|f|624305|2|1|2011-09-05 18:42:36.340546||0|1731.19|http://frontend.frikanalen.tv/media/5336/broadcast/5336_c19f550f92694c758ba6c726e35864a3.avi
624307|Empo tv - del 36|f|624307|2|1|2011-09-05 18:42:36.340546||0|895.36|http://frontend.frikanalen.tv/media/5028/broadcast/5028_80cd709e51dd4e87af807c0cb505a123.avi
624308|Uka-TV 11 - Sending 4|f|624308|2|1|2011-09-05 18:42:36.340546||0|1702.99|http://frontend.frikanalen.tv/media/5337/broadcast/5337_8915445020214b428e000c1e7567e2aa.avi
624312| Hest er best|f|624312|2|1|2011-09-05 18:42:36.340546||0|123|http://frontend.frikanalen.tv/media/5347/broadcast/5347_31550d7b91ac47c9b9468b54caaaccee.avi
624313|Jarle Bernhoft|f|624313|2|1|2011-09-05 18:42:36.340546||0|134.72|http://frontend.frikanalen.tv/media/5374/broadcast/5374_3a73c15a26d041a687e44992732c9b09.avi
624314|Peder Påske|f|624314|2|1|2011-09-05 18:42:36.340546||0|107.97|http://frontend.frikanalen.tv/media/5375/broadcast/5375_909a084e3d81480298d841a3b2a454cc.avi
624315|Uka-TV 11 - Sending 5|f|624315|2|1|2011-09-05 18:42:36.340546||0|1747.99|http://frontend.frikanalen.tv/media/5338/broadcast/5338_2557581e34534acc85e8a318b7981912.avi
624318|Uka-TV 11 - Sending 6|f|624318|2|1|2011-09-05 18:42:36.340546||0|1685.07|http://frontend.frikanalen.tv/media/5339/broadcast/5339_a8b8167106d94f74b087a15ed019c8e1.avi
624319|NM2011 - Tertnes Amatørkorps|f|624319|2|1|2011-09-05 18:42:36.340546||0|1715.68|http://frontend.frikanalen.tv/media/5377/broadcast/5377_f4c35a61688f4ffea2072e495777ac29.avi
624322|Uka-TV 11 - Sending 7|f|624322|2|1|2011-09-05 18:42:36.340546||0|1712.99|http://frontend.frikanalen.tv/media/5340/broadcast/5340_58426e7a921e4144929d4fefb334a0f2.avi
624325|Utrop TV - Studio2|f|624325|2|1|2011-09-05 18:42:36.340546||0|1735.32|http://frontend.frikanalen.tv/media/5281/broadcast/5281_11f53d8be3a748e7ab2eab16b989ed11.avi
624330|Empo tv - del 37|f|624330|2|1|2011-09-05 18:42:36.340546||0|878.72|http://frontend.frikanalen.tv/media/5030/broadcast/5030_e9580cac44a64094b08eaef6114ba5ba.avi
624334|Mer enn grøftefyll|f|624334|2|1|2011-09-05 18:42:36.340546||0|105.76|http://frontend.frikanalen.tv/media/5405/broadcast/5405_603b6347c0e24355a8b0d11a45a42445.avi
624335|Norges triveligste studieby|f|624335|2|1|2011-09-05 18:42:36.340546||0|76.2|http://frontend.frikanalen.tv/media/5406/broadcast/5406_c5c4a1fd16cd4aa99ffb18dacb17ed18.avi
624336|Apropos i Mørket|f|624336|2|1|2011-09-05 18:42:36.340546||0|170.72|http://frontend.frikanalen.tv/media/5407/broadcast/5407_d8a3acf8bb0f4ffeb70f250ef718c1eb.avi
624337|Hoffmanns eventyr|f|624337|2|1|2011-09-05 18:42:36.340546||0|167.48|http://frontend.frikanalen.tv/media/5408/broadcast/5408_ad4b9bb4d20340d3bf413d53fbeec4f0.avi
624338|Lacrosseturnering|f|624338|2|1|2011-09-05 18:42:36.340546||0|151.69|http://frontend.frikanalen.tv/media/5409/broadcast/5409_34dff75cfbfa43b68d7da7f06bc327f1.avi
624339|Sirkusåpenbaring|f|624339|2|1|2011-09-05 18:42:36.340546||0|132.24|http://frontend.frikanalen.tv/media/5410/broadcast/5410_7771170f21674f23ba509ac840b1aae0.avi
624340|Fredsprisvinnar i medvind|f|624340|2|1|2011-09-05 18:42:36.340546||0|141.28|http://frontend.frikanalen.tv/media/5414/broadcast/5414_b7c62b1f16134dbc998b843a0ae35fe2.avi
624345|NM2011 - Tomra Brass Band|f|624345|2|1|2011-09-05 18:42:36.340546||0|1589.52|http://frontend.frikanalen.tv/media/5417/broadcast/5417_c8585dcf3e6d46c7b717ba4c4ba00d18.avi
624347|Empo tv - del 38|f|624347|2|1|2011-09-05 18:42:36.340546||0|795.36|http://frontend.frikanalen.tv/media/5031/broadcast/5031_458f3678581845eb87c98c7a708fd9f6.avi
624348|Utrop TV - Studio3|f|624348|2|1|2011-09-05 18:42:36.340546||0|1636.2|http://frontend.frikanalen.tv/media/5282/broadcast/5282_5ecc293f5ffe4cae93af075f52dc8fd6.avi
624357|NM2011 - Kleppe Musikklag|f|624357|2|1|2011-09-05 18:42:36.340546||0|1716.16|http://frontend.frikanalen.tv/media/5444/broadcast/5444_fa777523e7f54e24a74d19097f22fb27.avi
624358|Empo tv - del 39|f|624358|2|1|2011-09-05 18:42:36.340546||0|890.8|http://frontend.frikanalen.tv/media/5025/broadcast/5025_c27913a203404a56825458daef4f50e7.avi
624359|Utrop TV - Studio4|f|624359|2|1|2011-09-05 18:42:36.340546||0|1734.84|http://frontend.frikanalen.tv/media/5283/broadcast/5283_d76cd110e28945bc9722cdcc449ca6d0.avi
624367|NTNU app|f|624367|2|1|2011-09-05 18:42:36.340546||0|116.16|http://frontend.frikanalen.tv/media/5458/broadcast/5458_2b9b51e6340049e2b2b2ad0af7b83cfb.avi
624368|NTNUI har fått ny leder|f|624368|2|1|2011-09-05 18:42:36.340546||0|68.68|http://frontend.frikanalen.tv/media/5459/broadcast/5459_710754a2f3bd4e8880035aebf27e7249.avi
624369|Redusert støtte til studbolig|f|624369|2|1|2011-09-05 18:42:36.340546||0|69.84|http://frontend.frikanalen.tv/media/5460/broadcast/5460_8e0af9f09b8d4bba99f72a2e34ea63fe.avi
624373|Empo tv - del 40|f|624373|2|1|2011-09-05 18:42:36.340546||0|897.76|http://frontend.frikanalen.tv/media/5032/broadcast/5032_95f969bcafaf434fb5aa8a84de5d3d97.avi
624380|Frivillig i filmens tjeneste|f|624380|2|1|2011-09-05 18:42:36.340546||0|119.88|http://frontend.frikanalen.tv/media/5479/broadcast/5479_bcd2bc617a094a8ebcad8294691ba3df.avi
624383|Empo tv - del 41|f|624383|2|1|2011-09-05 18:42:36.340546||0|892.12|http://frontend.frikanalen.tv/media/5473/broadcast/5473_3fd541ced39947b092b4b9cd6f1fb281.avi
624387|Earth Hour|f|624387|2|1|2011-09-05 18:42:36.340546||0|61.96|http://frontend.frikanalen.tv/media/5486/broadcast/5486_2c105688a729489993ba9195944b1f66.avi
624388|Går i strupen på overtru|f|624388|2|1|2011-09-05 18:42:36.340546||0|176.12|http://frontend.frikanalen.tv/media/5487/broadcast/5487_9266bf6ba2ad4d35acad7bb00808185c.avi
624389|Drømmejobben kommer|f|624389|2|1|2011-09-05 18:42:36.340546||0|161.84|http://frontend.frikanalen.tv/media/5475/broadcast/5475_efcacb8d7de24484a1e08c12bb910333.avi
624390|Atomkraftens fremtid|f|624390|2|1|2011-09-05 18:42:36.340546||0|160.36|http://frontend.frikanalen.tv/media/5480/broadcast/5480_b0548745465b4d4ba78615421c84a2d4.avi
624394|Demonstrasjon mot DLD|f|624394|2|1|2011-09-05 18:42:36.340546||0|107.01|http://frontend.frikanalen.tv/media/5493/broadcast/5493_ae19e160a628423590754ddcc904c7dd.avi
624395|Facebook-revolusjonen|f|624395|2|1|2011-09-05 18:42:36.340546||0|172.12|http://frontend.frikanalen.tv/media/5494/broadcast/5494_72af427337ed429eac9b39e30ea48575.avi
624397|Empo tv - del 42|f|624397|2|1|2011-09-05 18:42:36.340546||0|892.92|http://frontend.frikanalen.tv/media/5474/broadcast/5474_184136b2957a49b09d0ea82785991edc.avi
624399|Stjernespekket kanonåpning|f|624399|2|1|2011-09-05 18:42:36.340546||0|127.4|http://frontend.frikanalen.tv/media/5504/broadcast/5504_758f2fdd17f1499ebafbc2b93b3224aa.avi
624403|FAQ om datalagringsdirektivet|f|624403|2|1|2011-09-05 18:42:36.340546||0|117.49|http://frontend.frikanalen.tv/media/5515/broadcast/5515_08a3a4b4184d494c8c9b42a43351031f.avi
624404|Nordens mørke krimgåte|f|624404|2|1|2011-09-05 18:42:36.340546||0|114.36|http://frontend.frikanalen.tv/media/5503/broadcast/5503_4914c7fb618a469582128cd952f6a163.avi
624405|Hva tjener far din? Episode 1|f|624405|2|1|2011-09-05 18:42:36.340546||0|266.08|http://frontend.frikanalen.tv/media/5501/broadcast/5501_6d809e467e4d4884915038b91d22f18e.avi
624406|Seriemesterne: Oppgrader|f|624406|2|1|2011-09-05 18:42:36.340546||0|253.72|http://frontend.frikanalen.tv/media/5502/broadcast/5502_0ef50ff2e4884530878e4a389687a99a.avi
624407|Heftig Mageplask|f|624407|2|1|2011-09-05 18:42:36.340546||0|142.48|http://frontend.frikanalen.tv/media/5516/broadcast/5516_cbe0ff1f1b1d4360a292385c4158b161.avi
624410|Empo tv - del 43|f|624410|2|1|2011-09-05 18:42:36.340546||0|900.12|http://frontend.frikanalen.tv/media/5496/broadcast/5496_98a19f71d3d1428297786355c44636e9.avi
624411|Utrop TV - Studio5|f|624411|2|1|2011-09-05 18:42:36.340546||0|1737.32|http://frontend.frikanalen.tv/media/5445/broadcast/5445_3d3c6870d03e43aea455f9ab7695f3c3.avi
624417|Empo tv - del 44|f|624417|2|1|2011-09-05 18:42:36.340546||0|842.88|http://frontend.frikanalen.tv/media/5497/broadcast/5497_a0c61d936f6646cf8c531d22ed686ac3.avi
624418|THE GATHERING|f|624418|2|1|2011-09-05 18:42:36.340546||0|27.96|http://frontend.frikanalen.tv/media/5527/broadcast/5527_9f91409b135a4ceca0e8ab92d56601d5.avi
624419|THE GATHERING|f|624419|2|1|2011-09-05 18:42:36.340546||0|27.96|http://frontend.frikanalen.tv/media/5534/broadcast/5534_efb04dc9624747888813633ccf998a9c.avi
624420|THE GATHERING|f|624420|2|1|2011-09-05 18:42:36.340546||0|27.96|http://frontend.frikanalen.tv/media/5529/broadcast/5529_657712ecf97a4c5dbf2f1900214ee84b.avi
624421|THE GATHERING|f|624421|2|1|2011-09-05 18:42:36.340546||0|27.96|http://frontend.frikanalen.tv/media/5535/broadcast/5535_68d755428d90412f94572f9b4cc33052.avi
624422|THE GATHERING|f|624422|2|1|2011-09-05 18:42:36.340546||0|27.96|http://frontend.frikanalen.tv/media/5531/broadcast/5531_ddb563743e9a4311add723145651f983.avi
624423|THE GATHERING|f|624423|2|1|2011-09-05 18:42:36.340546||0|27.96|http://frontend.frikanalen.tv/media/5530/broadcast/5530_c6e65116ee834809ba3a9f0345e06803.avi
624424|THE GATHERING|f|624424|2|1|2011-09-05 18:42:36.340546||0|27.96|http://frontend.frikanalen.tv/media/5528/broadcast/5528_fe4578154c374047859190cf48abecaf.avi
624431|Empo tv - del 45|f|624431|2|1|2011-09-05 18:42:36.340546||0|895.64|http://frontend.frikanalen.tv/media/5498/broadcast/5498_f9cf21c4ca8f49c994ea1a3770b91106.avi
624434|RUNE TESTER 20110427|f|624434|2|1|2011-09-05 18:42:36.340546||0|22.16|http://frontend.frikanalen.tv/media/5541/broadcast/5541_0a2e2bb1bf5c435f94d18162732c8d09.avi
624435|Kåre Johnsen|f|624435|2|1|2011-09-05 18:42:36.340546||0|3530.16|http://frontend.frikanalen.tv/media/5542/broadcast/5542_14a905efc7634c8588e800eaadddabbd.avi
624436|Utrop TV - Studio6|f|624436|2|1|2011-09-05 18:42:36.340546||0|1416.96|http://frontend.frikanalen.tv/media/5446/broadcast/5446_bc7ceb8dc6a347db94c8b5278249073d.avi
624439|Empo tv - del 46|f|624439|2|1|2011-09-05 18:42:36.340546||0|887.04|http://frontend.frikanalen.tv/media/5499/broadcast/5499_7480cc955a714c009ca7823ff950d504.avi
624440|NM2011 - Jølster Musikklag|f|624440|2|1|2011-09-05 18:42:36.340546||0|1664.76|http://frontend.frikanalen.tv/media/5543/broadcast/5543_59ae806e971a4ca89bcec79c4a4f5c8e.avi
624443|Levande Ord & Gospel Miracle 20110511|f|624443|2|1|2011-09-05 18:42:36.340546||0|1740|http://frontend.frikanalen.tv/media/5550/broadcast/5550_f21310931d01457b8f554fc72f11c1ba.avi
624457|NM2011 - Tertnes Brass|f|624457|2|1|2011-09-05 18:42:36.340546||0|1724.04|http://frontend.frikanalen.tv/media/5585/broadcast/5585_830b80b8cc464fcfa128368bfaff83ef.avi
624458|Empo tv - del 47|f|624458|2|1|2011-09-05 18:42:36.340546||0|879.16|http://frontend.frikanalen.tv/media/5592/broadcast/5592_d6a13ca89401470ea58bf7d4e2c5ea49.avi
624476|NM2011 - Ørskog Brass|f|624476|2|1|2011-09-05 18:42:36.340546||0|1702.4|http://frontend.frikanalen.tv/media/5601/broadcast/5601_acce356864304a84b543679a30255f59.avi
624477|Empo tv - del 48|f|624477|2|1|2011-09-05 18:42:36.340546||0|889.04|http://frontend.frikanalen.tv/media/5593/broadcast/5593_6ae3763dfd4947438b3f25c057636d1d.avi
624478|Sketsjup: Festival|f|624478|2|1|2011-09-05 18:42:36.340546||0|148.05|http://frontend.frikanalen.tv/media/5603/broadcast/5603_363e0a8982db4c6eb7af4c99d471910b.avi
624479|Ex-russefest i dødens dal|f|624479|2|1|2011-09-05 18:42:36.340546||0|74.08|http://frontend.frikanalen.tv/media/5604/broadcast/5604_1c7fbba5e92d4125be07f9e93c8f3f08.avi
624484|Estetisk funksjonelt design|f|624484|2|1|2011-09-05 18:42:36.340546||0|147.46|http://frontend.frikanalen.tv/media/5606/broadcast/5606_51bf4066471a4d3ab5bba355e5a2f893.avi
624488|NM2011 Laksevåg Musikkforening|f|624488|2|1|2011-09-05 18:42:36.340546||0|1734.36|http://frontend.frikanalen.tv/media/5614/broadcast/5614_d5f0cb46951d4ae0bc08e77bf8ef257c.avi
624491|Miksing av video med dvswitch|f|624491|2|1|2011-09-05 18:42:36.340546||0|1232.4|http://frontend.frikanalen.tv/media/5618/broadcast/5618_5ac56d9318414cfd934e217268ac164b.avi
624492|Utrop TV - Studio7|f|624492|2|1|2011-09-05 18:42:36.340546||0|1351.92|http://frontend.frikanalen.tv/media/5447/broadcast/5447_8c7cb94e276846aba9b455f763efeabc.avi
624493|FiksGataMi - historie og tekno|f|624493|2|1|2011-09-05 18:42:36.340546||0|3308.8|http://frontend.frikanalen.tv/media/5617/broadcast/5617_44afc80d9e9d40e68154aea1ea5da24d.avi
624496|Årsmøte 2011 - Teksting|f|624496|2|1|2011-09-05 18:42:36.340546||0|980.96|http://frontend.frikanalen.tv/media/5623/broadcast/5623_ab3c2877c1cf4bfa8b4882db20e1e3ca.avi
624497|Årsmøte 2011 - Intro av TV8|f|624497|2|1|2011-09-05 18:42:36.340546||0|1069.92|http://frontend.frikanalen.tv/media/5619/broadcast/5619_8372ee16214b484fa44a816b70398140.avi
624498|Empo tv - del 50|f|624498|2|1|2011-09-05 18:42:36.340546||0|900.04|http://frontend.frikanalen.tv/media/5596/broadcast/5596_fc895b4493ef4818a7775707042f3cad.avi
624499|Utrop TV - Studio8|f|624499|2|1|2011-09-05 18:42:36.340546||0|1746.69|http://frontend.frikanalen.tv/media/5624/broadcast/5624_dca50875a75a40998e8ecf49f82f8187.avi
624500|NM2011 - Mus. Gjallarhorn|f|624500|2|1|2011-09-05 18:42:36.340546||0|1719.99|http://frontend.frikanalen.tv/media/5615/broadcast/5615_567bd705365447a882088659cf908754.avi
624501|NM2011 - Jaren Hornm.forening|f|624501|2|1|2011-09-05 18:42:36.340546||0|1739.12|http://frontend.frikanalen.tv/media/5616/broadcast/5616_ce533469fb2641678d4c5ae3dfcc710c.avi
624503|Årsmøte 2011 - Intro 5080|f|624503|2|1|2011-09-05 18:42:36.340546||0|1118.24|http://frontend.frikanalen.tv/media/5628/broadcast/5628_64326d405c454bc78b967b59c9aa23db.avi
624504|Empo tv - del 51|f|624504|2|1|2011-09-05 18:42:36.340546||0|899|http://frontend.frikanalen.tv/media/5594/broadcast/5594_72b3cf31fc2f41a18ff544ce967dba26.avi
624507|Årsmøte 2011 - Musikk-korps|f|624507|2|1|2011-09-05 18:42:36.340546||0|1205.52|http://frontend.frikanalen.tv/media/5629/broadcast/5629_53b177e347434472801d16e974c6d722.avi
624511|Empo tv - del 52|f|624511|2|1|2011-09-05 18:42:36.340546||0|867.68|http://frontend.frikanalen.tv/media/5597/broadcast/5597_f76bf39a694a4fabb3b606c656123c34.avi
624512|Empo tv - del 53|f|624512|2|1|2011-09-05 18:42:36.340546||0|864.4|http://frontend.frikanalen.tv/media/5598/broadcast/5598_0ef99d8e34d6411688fb360f0cbba524.avi
624513|NM2011 - Sørum Musikklag|f|624513|2|1|2011-09-05 18:42:36.340546||0|1704.09|http://frontend.frikanalen.tv/media/5632/broadcast/5632_006beb0cd94a4c34bd4ae8b78f16b1bf.avi
624517|NM2011 - Krohnengen Brassband|f|624517|2|1|2011-09-05 18:42:36.340546||0|1666.16|http://frontend.frikanalen.tv/media/5673/broadcast/5673_53faf73ccbb64b8ca66d1b626a5497fe.avi
624518|NM2011 - Sandefjord Brass Symposium|f|624518|2|1|2011-09-05 18:42:36.340546||0|1726.53|http://frontend.frikanalen.tv/media/5674/broadcast/5674_3e8f59e4e6c34769bbdf695a16eda1b7.avi
624519|NM2011 - Stavanger Brassband|f|624519|2|1|2011-09-05 18:42:36.340546||0|1726.53|http://frontend.frikanalen.tv/media/5675/broadcast/5675_28e822b1edfa4267a3fec292520cd269.avi
624520|NM2011 - Manger Musikklag|f|624520|2|1|2011-09-05 18:42:36.340546||0|1687.8|http://frontend.frikanalen.tv/media/5676/broadcast/5676_435b7f7eb49c4967a445cfa46eab70a5.avi
624521|NM2011 - Sola Brassband|f|624521|2|1|2011-09-05 18:42:36.340546||0|1737.81|http://frontend.frikanalen.tv/media/5678/broadcast/5678_25aac2eda55a459182b9aee06bfd0250.avi
624522|NM2011 - Eikanger-Bjørsvik M.|f|624522|2|1|2011-09-05 18:42:36.340546||0|1703.98|http://frontend.frikanalen.tv/media/5677/broadcast/5677_d50085797ebc4871aa837d8019631908.avi
624523|NM2011 - Oslofjord Brass|f|624523|2|1|2011-09-05 18:42:36.340546||0|1740.05|http://frontend.frikanalen.tv/media/5679/broadcast/5679_994b54785c8947e2a467042a8ba6ef9d.avi
624524|17.mai|f|624524|2|1|2011-09-05 18:42:36.340546||0|44.36|http://frontend.frikanalen.tv/media/5680/broadcast/5680_51acfa12f3dc485a937c9bda2c40bd13.avi
624537|Empo tv - del 54|f|624537|2|1|2011-09-05 18:42:36.340546||0|899.96|http://frontend.frikanalen.tv/media/5682/broadcast/5682_7641c24db00b48c58373367ad9e352dd.avi
624544|Dagen derpå|f|624544|2|1|2011-09-05 18:42:36.340546||0|1740.04|http://frontend.frikanalen.tv/media/5714/broadcast/5714_ab4100e44cfa47caac5a4d4c2999f3d6.avi
624552|Empo tv - del 55|f|624552|2|1|2011-09-05 18:42:36.340546||0|900.04|http://frontend.frikanalen.tv/media/5683/broadcast/5683_56e1c82a810a441390d61fc2d287bb9f.avi
624563|ForgeRock|f|624563|2|1|2011-09-05 18:42:36.340546||0|3044.68|http://frontend.frikanalen.tv/media/5732/broadcast/5732_f39d0bc73d384dc1b14912de54518284.avi
624564|Empo tv - del 56|f|624564|2|1|2011-09-05 18:42:36.340546||0|900|http://frontend.frikanalen.tv/media/5684/broadcast/5684_f7f415b6ac3447d08c9627d4d747e842.avi
